YEAR,DATE,TIME,STREET1,ROAD_CLASS,DISTRICT,LATITUDE,LONGITUDE,LOCCOORD,ACCLOC,TRAFFCTL,VISIBILITY,LIGHT,RDSFCOND,ACCLASS,IMPACTYPE,INVTYPE,INVAGE,INJURY,PEDESTRIAN,CYCLIST,AUTOMOBILE,MOTORCYCLE,TRUCK,PASSENGER,SPEEDING,REDLIGHT,ALCOHOL,DISABILITY,DIVISION,Record_ID
2017,2017/05/28,1025,66 BLACKSMITH CRES,Local,North York,43.771647,-79.524562,Mid-Block,Non Intersection,No Control,Clear,Daylight,Dry,Non-Fatal Injury,SMV Unattended Vehicle,Driver,85 to 89,Major,False,False,True,False,False,False,False,False,False,True,D31,13921
2017,2017/06/26,1045,WELLESLEY ST E,Minor Arterial,Toronto and East York,43.665648,-79.380916,Intersection,At Intersection,Traffic Signal,Clear,Daylight,Dry,Non-Fatal Injury,Pedestrian Collisions,Pedestrian,70 to 74,Major,True,False,False,False,True,False,False,False,False,False,D51,13922
2017,2017/01/29,345,F G GARDINER XY  W,Major Arterial,Toronto and East York,43.633498,-79.472667,Mid-Block,Non Intersection,No Control,Clear,"Dark, artificial",Dry,Fatal,Rear End,Driver,20 to 24,Fatal,False,False,True,False,False,False,True,False,True,False,D11,13923
2017,2017/05/28,1345,YONGE ST,Major Arterial,North York,43.744078,-79.40668,Intersection,At Intersection,Traffic Signal,Clear,Daylight,Dry,Non-Fatal Injury,Angle,Driver,40 to 44,Minor,False,False,True,True,False,True,False,True,False,False,D32,13924
2017,2017/04/19,2206,COLLEGE ST,Major Arterial,Toronto and East York,43.659129,-79.393443,Intersection,At Intersection,Streetcar (Stop for),Clear,"Dark, artificial",Dry,Non-Fatal Injury,Pedestrian Collisions,Driver,35 to 39,None,True,False,True,False,False,True,False,False,False,False,D52,13925
2017,2017/05/28,1345,YONGE ST,Major Arterial,North York,43.744078,-79.40668,Intersection,At Intersection,Traffic Signal,Clear,Daylight,Dry,Non-Fatal Injury,Angle,Motorcycle Driver,30 to 34,Major,False,False,True,True,False,True,False,True,False,False,D32,13926
2017,2017/07/18,1504,BLOOR ST W,Major Arterial,Toronto and East York,43.64926,-79.484439,Intersection,At Intersection,Traffic Signal,Clear,Daylight,Dry,Fatal,Rear End,Truck Driver,40 to 44,None,False,False,False,True,True,False,False,False,False,False,D11,13927
2017,2017/06/26,1045,WELLESLEY ST E,Minor Arterial,Toronto and East York,43.665648,-79.380916,Intersection,At Intersection,Traffic Signal,Clear,Daylight,Dry,Non-Fatal Injury,Pedestrian Collisions,Truck Driver,55 to 59,None,True,False,False,False,True,False,False,False,False,False,D51,13928
2017,2017/02/01,1415,MORNINGSIDE AVE,Major Arterial,Scarborough,43.794795,-79.196475,Intersection,At Intersection,Traffic Signal,Clear,Daylight,Dry,Non-Fatal Injury,Pedestrian Collisions,Driver,45 to 49,Major,True,False,True,False,False,False,False,False,False,False,D43,13929
2017,2017/05/28,1345,YONGE ST,Major Arterial,North York,43.744078,-79.40668,Intersection,At Intersection,Traffic Signal,Clear,Daylight,Dry,Non-Fatal Injury,Angle,Driver,65 to 69,None,False,False,True,True,False,True,False,True,False,False,D32,13930
2017,2017/06/28,1155,ST CLAIR AVE W,Major Arterial,North York,43.686503,-79.401767,Mid-Block,Non Intersection,No Control,Clear,Daylight,Dry,Non-Fatal Injury,Pedestrian Collisions,Driver,25 to 29,None,True,False,False,False,False,False,False,False,False,False,D53,13931
2017,2017/02/01,1415,MORNINGSIDE AVE,Major Arterial,Scarborough,43.794795,-79.196475,Intersection,At Intersection,Traffic Signal,Clear,Daylight,Dry,Non-Fatal Injury,Pedestrian Collisions,Pedestrian,20 to 24,Minor,True,False,True,False,False,False,False,False,False,False,D43,13932
2017,2017/07/18,2115,BATHURST ST,Major Arterial,North York,43.774478,-79.443141,Intersection,At Intersection,Stop Sign,Clear,"Daylight, artificial",Dry,Non-Fatal Injury,Turning Movement,Motorcycle Driver,45 to 49,Major,False,False,True,True,False,False,False,False,False,False,D32,13933
2017,2017/04/19,2206,COLLEGE ST,Major Arterial,Toronto and East York,43.659129,-79.393443,Intersection,At Intersection,Streetcar (Stop for),Clear,"Dark, artificial",Dry,Non-Fatal Injury,Pedestrian Collisions,Passenger,20 to 24,None,True,False,True,False,False,True,False,False,False,False,D52,13934
2017,2017/05/28,1345,YONGE ST,Major Arterial,North York,43.744078,-79.40668,Intersection,At Intersection,Traffic Signal,Clear,Daylight,Dry,Non-Fatal Injury,Angle,Driver,55 to 59,None,False,False,True,True,False,True,False,True,False,False,D32,13935
2017,2017/04/19,2206,COLLEGE ST,Major Arterial,Toronto and East York,43.659129,-79.393443,Intersection,At Intersection,Streetcar (Stop for),Clear,"Dark, artificial",Dry,Non-Fatal Injury,Pedestrian Collisions,Pedestrian,25 to 29,Major,True,False,True,False,False,True,False,False,False,False,D52,13936
2017,2017/06/28,1155,ST CLAIR AVE W,Major Arterial,North York,43.686503,-79.401767,Mid-Block,Non Intersection,No Control,Clear,Daylight,Dry,Non-Fatal Injury,Pedestrian Collisions,Pedestrian,75 to 79,Major,True,False,False,False,False,False,False,False,False,False,D53,13937
2017,2017/02/02,219,BRIMLEY RD,Major Arterial,Scarborough,43.741065,-79.250186,Intersection,At Intersection,Stop Sign,Clear,Dark,Wet,Fatal,Turning Movement,Driver,25 to 29,Fatal,False,False,True,False,False,False,True,False,False,False,D43,13938
2017,2017/07/18,2115,BATHURST ST,Major Arterial,North York,43.774478,-79.443141,Intersection,At Intersection,Stop Sign,Clear,"Daylight, artificial",Dry,Non-Fatal Injury,Turning Movement,Driver,unknown,None,False,False,True,True,False,False,False,False,False,False,D32,13939
2017,2017/05/28,1345,YONGE ST,Major Arterial,North York,43.744078,-79.40668,Intersection,At Intersection,Traffic Signal,Clear,Daylight,Dry,Non-Fatal Injury,Angle,Passenger,65 to 69,None,False,False,True,True,False,True,False,True,False,False,D32,13940
2017,2017/06/28,1648,MIDDELFIELD ROAD,Minor Arterial,Scarborough,43.823207,-79.263141,Intersection,At Intersection,No Control,Clear,Daylight,Dry,Non-Fatal Injury,Pedestrian Collisions,Driver,65 to 69,None,True,False,True,False,False,False,False,False,False,False,D42,13941
2017,2017/07/19,1548,SPADINA RD,Minor Arterial,Toronto and East York,43.675795,-79.407451,Intersection,At Intersection,No Control,Clear,Daylight,Dry,Non-Fatal Injury,Turning Movement,Driver,25 to 29,None,False,False,True,False,False,False,False,False,False,False,D53,13942
2017,2017/04/21,543,LAKE SHORE BLVD W,Major Arterial,Toronto and East York,43.636943,-79.445483,Mid-Block,Non Intersection,No Control,Clear,"Dark, artificial",Wet,Non-Fatal Injury,SMV Other,Driver,60 to 64,Major,False,False,True,False,False,False,True,False,False,False,D14,13943
2017,2017/04/21,1530,HALFMOON SQ,Collector,Scarborough,43.793753,-79.17908,Intersection,Intersection Related,No Control,Clear,"Daylight, artificial",Dry,Fatal,Pedestrian Collisions,Pedestrian,5 to 9,Fatal,True,False,True,False,False,False,False,False,False,False,D43,13944
2017,2017/07/19,1548,SPADINA RD,Minor Arterial,Toronto and East York,43.675795,-79.407451,Intersection,At Intersection,No Control,Clear,Daylight,Dry,Non-Fatal Injury,Turning Movement,Driver,10 to 14,Major,False,False,True,False,False,False,False,False,False,False,D53,13945
2017,2017/07/19,1659,ELLESMERE RD,Major Arterial,Scarborough,43.765731,-79.28104,Intersection,At Intersection,Traffic Signal,Clear,Daylight,Dry,Non-Fatal Injury,Other,Passenger,55 to 59,Major,False,False,False,False,False,True,False,False,False,False,D41,13946
2017,2017/07/19,1659,ELLESMERE RD,Major Arterial,Scarborough,43.765731,-79.28104,Intersection,At Intersection,Traffic Signal,Clear,Daylight,Dry,Non-Fatal Injury,Other,Driver,35 to 39,None,False,False,False,False,False,True,False,False,False,False,D41,13947
2017,2017/04/21,1530,HALFMOON SQ,Collector,Scarborough,43.793753,-79.17908,Intersection,Intersection Related,No Control,Clear,"Daylight, artificial",Dry,Fatal,Pedestrian Collisions,Driver,50 to 54,None,True,False,True,False,False,False,False,False,False,False,D43,13948
2017,2017/04/23,2044,YONGE ST,Major Arterial,North York,43.711005,-79.399272,Intersection,At Intersection,Traffic Controller,Clear,Dusk,Dry,Non-Fatal Injury,Turning Movement,Driver,25 to 29,None,False,False,True,True,False,True,False,False,False,False,D53,13949
2017,2017/04/23,2044,YONGE ST,Major Arterial,North York,43.711005,-79.399272,Intersection,At Intersection,Traffic Controller,Clear,Dusk,Dry,Non-Fatal Injury,Turning Movement,Motorcycle Driver,50 to 54,Major,False,False,True,True,False,True,False,False,False,False,D53,13950
2017,2017/04/23,2044,YONGE ST,Major Arterial,North York,43.711005,-79.399272,Intersection,At Intersection,Traffic Controller,Clear,Dusk,Dry,Non-Fatal Injury,Turning Movement,Motorcycle Passenger,15 to 19,Major,False,False,True,True,False,True,False,False,False,False,D53,13951
2017,2017/04/26,1857,LESLIE ST,Major Arterial,North York,43.781909,-79.366107,Intersection,At/Near Private Drive,No Control,Clear,Daylight,Dry,Fatal,Angle,Motorcycle Driver,30 to 34,Fatal,False,False,True,True,False,False,False,False,False,False,D33,13952
2017,2017/04/26,1857,LESLIE ST,Major Arterial,North York,43.781909,-79.366107,Intersection,At/Near Private Drive,No Control,Clear,Daylight,Dry,Fatal,Angle,Driver,45 to 49,Minimal,False,False,True,True,False,False,False,False,False,False,D33,13953
2017,2017/04/29,205,KIPLING AVE,Major Arterial,Etobicoke York,43.745127,-79.582996,Mid-Block,Non Intersection,No Control,Clear,"Dark, artificial",Dry,Non-Fatal Injury,Approaching,Driver,20 to 24,Minimal,False,False,True,False,False,True,False,False,False,False,D23,13954
2017,2017/04/29,205,KIPLING AVE,Major Arterial,Etobicoke York,43.745127,-79.582996,Mid-Block,Non Intersection,No Control,Clear,"Dark, artificial",Dry,Non-Fatal Injury,Approaching,Driver,50 to 54,Major,False,False,True,False,False,True,False,False,False,False,D23,13955
2017,2017/04/29,205,KIPLING AVE,Major Arterial,Etobicoke York,43.745127,-79.582996,Mid-Block,Non Intersection,No Control,Clear,"Dark, artificial",Dry,Non-Fatal Injury,Approaching,Passenger,35 to 39,Minor,False,False,True,False,False,True,False,False,False,False,D23,13956
2017,2017/04/29,205,KIPLING AVE,Major Arterial,Etobicoke York,43.745127,-79.582996,Mid-Block,Non Intersection,No Control,Clear,"Dark, artificial",Dry,Non-Fatal Injury,Approaching,Passenger,25 to 29,Minor,False,False,True,False,False,True,False,False,False,False,D23,13957
2017,2017/04/29,325,DAVENPORT ROAD,Major Arterial,Toronto and East York,43.676657,-79.415744,Intersection,Intersection Related,Traffic Signal,Clear,"Dark, artificial",Dry,Non-Fatal Injury,Pedestrian Collisions,Driver,70 to 74,None,True,False,True,False,False,False,False,False,False,False,D13,13958
2017,2017/07/20,624,BREMNER BLVD,Major Arterial,Toronto and East York,43.64049,-79.392963,Intersection,At Intersection,Traffic Signal,Clear,Daylight,Dry,Non-Fatal Injury,Pedestrian Collisions,Driver,20 to 24,None,True,False,True,False,False,False,False,False,False,False,D52,13959
2017,2017/07/20,624,BREMNER BLVD,Major Arterial,Toronto and East York,43.64049,-79.392963,Intersection,At Intersection,Traffic Signal,Clear,Daylight,Dry,Non-Fatal Injury,Pedestrian Collisions,Pedestrian,30 to 34,Major,True,False,True,False,False,False,False,False,False,False,D52,13960
2017,2017/07/22,2134,ALBION RD,Major Arterial,Etobicoke York,43.737166,-79.565257,Intersection,At Intersection,Traffic Signal,Rain,"Dark, artificial",Wet,Non-Fatal Injury,Turning Movement,Driver,45 to 49,None,False,False,True,True,False,True,False,False,False,False,D23,13961
2017,2017/07/22,2134,ALBION RD,Major Arterial,Etobicoke York,43.737166,-79.565257,Intersection,At Intersection,Traffic Signal,Rain,"Dark, artificial",Wet,Non-Fatal Injury,Turning Movement,Motorcycle Driver,55 to 59,Major,False,False,True,True,False,True,False,False,False,False,D23,13962
2017,2017/07/22,2134,ALBION RD,Major Arterial,Etobicoke York,43.737166,-79.565257,Intersection,At Intersection,Traffic Signal,Rain,"Dark, artificial",Wet,Non-Fatal Injury,Turning Movement,Passenger,45 to 49,Minimal,False,False,True,True,False,True,False,False,False,False,D23,13963
2017,2017/07/22,2134,ALBION RD,Major Arterial,Etobicoke York,43.737166,-79.565257,Intersection,At Intersection,Traffic Signal,Rain,"Dark, artificial",Wet,Non-Fatal Injury,Turning Movement,Passenger,5 to 9,None,False,False,True,True,False,True,False,False,False,False,D23,13964
2017,2017/07/22,2305,SCARBOROUGH GOLF CLUB RD,Minor Arterial,Scarborough,43.760802,-79.215762,Mid-Block,Non Intersection,No Control,Clear,"Dark, artificial",Dry,Fatal,Pedestrian Collisions,Passenger,45 to 49,None,True,False,True,False,False,True,False,False,False,False,D43,13965
2017,2017/07/22,2305,SCARBOROUGH GOLF CLUB RD,Minor Arterial,Scarborough,43.760802,-79.215762,Mid-Block,Non Intersection,No Control,Clear,"Dark, artificial",Dry,Fatal,Pedestrian Collisions,Pedestrian,80 to 84,Fatal,True,False,True,False,False,True,False,False,False,False,D43,13966
2017,2017/07/22,2305,SCARBOROUGH GOLF CLUB RD,Minor Arterial,Scarborough,43.760802,-79.215762,Mid-Block,Non Intersection,No Control,Clear,"Dark, artificial",Dry,Fatal,Pedestrian Collisions,Driver,25 to 29,None,True,False,True,False,False,True,False,False,False,False,D43,13967
2017,2017/07/22,2305,SCARBOROUGH GOLF CLUB RD,Minor Arterial,Scarborough,43.760802,-79.215762,Mid-Block,Non Intersection,No Control,Clear,"Dark, artificial",Dry,Fatal,Pedestrian Collisions,Passenger,20 to 24,None,True,False,True,False,False,True,False,False,False,False,D43,13968
2017,2017/07/23,620,114 TORYORK  DR,Collector,Etobicoke York,43.756503,-79.551357,Mid-Block,Non Intersection,No Control,Clear,Dawn,Dry,Non-Fatal Injury,SMV Other,Driver,30 to 34,Major,False,False,True,False,False,False,True,False,False,False,D31,13969
2017,2017/04/29,325,DAVENPORT ROAD,Major Arterial,Toronto and East York,43.676657,-79.415744,Intersection,Intersection Related,Traffic Signal,Clear,"Dark, artificial",Dry,Non-Fatal Injury,Pedestrian Collisions,Pedestrian,30 to 34,Major,True,False,True,False,False,False,False,False,False,False,D13,13970
2017,2017/05/02,645,WESTHUMBER BLVD,Major Arterial,Etobicoke York,43.728068,-79.574611,Intersection,At Intersection,Traffic Signal,Clear,"Dawn, artificial",Dry,Non-Fatal Injury,Cyclist Collisions,Driver,45 to 49,None,False,True,True,False,False,False,False,False,False,False,D23,13971
2017,2017/05/02,645,WESTHUMBER BLVD,Major Arterial,Etobicoke York,43.728068,-79.574611,Intersection,At Intersection,Traffic Signal,Clear,"Dawn, artificial",Dry,Non-Fatal Injury,Cyclist Collisions,Cyclist,60 to 64,Major,False,True,True,False,False,False,False,False,False,False,D23,13972
2017,2017/05/03,716,DUNDAS ST W,Major Arterial,Toronto and East York,43.65375,-79.393817,Intersection,At Intersection,Traffic Signal,Clear,Daylight,Dry,Non-Fatal Injury,Pedestrian Collisions,Pedestrian,40 to 44,Major,True,False,False,False,True,False,False,False,False,False,D52,13973
2017,2017/05/03,716,DUNDAS ST W,Major Arterial,Toronto and East York,43.65375,-79.393817,Intersection,At Intersection,Traffic Signal,Clear,Daylight,Dry,Non-Fatal Injury,Pedestrian Collisions,Truck Driver,60 to 64,None,True,False,False,False,True,False,False,False,False,False,D52,13974
2017,2017/05/03,2142,DON VALLEY PARKWAY  N,Other,North York,43.742961,-79.33224,Mid-Block,Non Intersection,No Control,Clear,"Dark, artificial",Dry,Non-Fatal Injury,Pedestrian Collisions,Pedestrian,25 to 29,Major,True,False,True,False,False,False,False,False,False,False,D33,13975
2017,2017/05/03,2142,DON VALLEY PARKWAY  N,Other,North York,43.742961,-79.33224,Mid-Block,Non Intersection,No Control,Clear,"Dark, artificial",Dry,Non-Fatal Injury,Pedestrian Collisions,Driver,unknown,None,True,False,True,False,False,False,False,False,False,False,D33,13976
2017,2017/05/04,1546,SHEPPARD AVE E,Major Arterial,Scarborough,43.794589,-79.234897,Intersection,At Intersection,Traffic Controller,Rain,Daylight,Wet,Non-Fatal Injury,Turning Movement,Driver,40 to 44,None,False,False,True,False,False,True,False,False,False,False,D42,13977
2017,2017/05/04,1546,SHEPPARD AVE E,Major Arterial,Scarborough,43.794589,-79.234897,Intersection,At Intersection,Traffic Controller,Rain,Daylight,Wet,Non-Fatal Injury,Turning Movement,Driver,20 to 24,Major,False,False,True,False,False,True,False,False,False,False,D42,13978
2017,2017/05/04,1546,SHEPPARD AVE E,Major Arterial,Scarborough,43.794589,-79.234897,Intersection,At Intersection,Traffic Controller,Rain,Daylight,Wet,Non-Fatal Injury,Turning Movement,Passenger,20 to 24,None,False,False,True,False,False,True,False,False,False,False,D42,13979
2017,2017/05/04,2025,NUGGET AVE,Major Arterial,Scarborough,43.798484,-79.241008,Intersection,At Intersection,Traffic Signal,Rain,Daylight,Wet,Non-Fatal Injury,Pedestrian Collisions,Driver,unknown,None,True,False,True,False,False,False,False,False,False,False,D42,13980
2017,2017/07/26,746,LAWRENCE AVE E,Major Arterial,North York,43.741427,-79.314204,Intersection,At Intersection,Traffic Signal,Clear,Daylight,Dry,Non-Fatal Injury,Rear End,Motorcycle Driver,50 to 54,Major,False,False,True,True,False,False,False,False,False,False,D33,13981
2017,2017/07/26,746,LAWRENCE AVE E,Major Arterial,North York,43.741427,-79.314204,Intersection,At Intersection,Traffic Signal,Clear,Daylight,Dry,Non-Fatal Injury,Rear End,Driver,20 to 24,None,False,False,True,True,False,False,False,False,False,False,D33,13982
2017,2017/07/26,1751,DUNDAS ST W,Major Arterial,Toronto and East York,43.652083,-79.404804,Intersection,At Intersection,No Control,Clear,Daylight,Dry,Non-Fatal Injury,Cyclist Collisions,Cyclist,60 to 64,Major,False,True,True,False,False,False,False,False,False,False,D14,13983
2017,2017/07/26,1751,DUNDAS ST W,Major Arterial,Toronto and East York,43.652083,-79.404804,Intersection,At Intersection,No Control,Clear,Daylight,Dry,Non-Fatal Injury,Cyclist Collisions,Driver,50 to 54,None,False,True,True,False,False,False,False,False,False,False,D14,13984
2017,2017/07/26,2100,EGLINTON AVE E,Major Arterial,North York,43.72465,-79.302608,Intersection,At Intersection,Traffic Signal,Rain,"Dark, artificial",Wet,Non-Fatal Injury,Pedestrian Collisions,Pedestrian,65 to 69,Major,True,False,True,False,False,False,False,False,False,False,D41,13985
2017,2017/07/26,2100,EGLINTON AVE E,Major Arterial,North York,43.72465,-79.302608,Intersection,At Intersection,Traffic Signal,Rain,"Dark, artificial",Wet,Non-Fatal Injury,Pedestrian Collisions,Driver,55 to 59,None,True,False,True,False,False,False,False,False,False,False,D41,13986
2017,2017/07/27,1540,QUEEN ST W,Major Arterial,Toronto and East York,43.652369,-79.379222,Intersection,At Intersection,Traffic Signal,Clear,Daylight,Dry,Non-Fatal Injury,Other,Passenger,65 to 69,Major,False,False,False,False,False,True,False,False,False,False,D51,13987
2017,2017/07/27,1540,QUEEN ST W,Major Arterial,Toronto and East York,43.652369,-79.379222,Intersection,At Intersection,Traffic Signal,Clear,Daylight,Dry,Non-Fatal Injury,Other,Driver,40 to 44,None,False,False,False,False,False,True,False,False,False,False,D51,13988
2017,2017/07/28,1830,YONGE ST,Major Arterial,North York,43.760642,-79.410709,Intersection,At Intersection,No Control,Clear,Daylight,Dry,Non-Fatal Injury,Sideswipe,Driver,55 to 59,None,False,False,True,True,False,True,False,False,False,False,D32,13989
2017,2017/07/28,1830,YONGE ST,Major Arterial,North York,43.760642,-79.410709,Intersection,At Intersection,No Control,Clear,Daylight,Dry,Non-Fatal Injury,Sideswipe,Motorcycle Driver,50 to 54,Major,False,False,True,True,False,True,False,False,False,False,D32,13990
2017,2017/07/28,1830,YONGE ST,Major Arterial,North York,43.760642,-79.410709,Intersection,At Intersection,No Control,Clear,Daylight,Dry,Non-Fatal Injury,Sideswipe,Passenger,55 to 59,None,False,False,True,True,False,True,False,False,False,False,D32,13991
2017,2017/07/28,1830,YONGE ST,Major Arterial,North York,43.760642,-79.410709,Intersection,At Intersection,No Control,Clear,Daylight,Dry,Non-Fatal Injury,Sideswipe,Passenger,25 to 29,None,False,False,True,True,False,True,False,False,False,False,D32,13992
2017,2017/07/28,1830,YONGE ST,Major Arterial,North York,43.760642,-79.410709,Intersection,At Intersection,No Control,Clear,Daylight,Dry,Non-Fatal Injury,Sideswipe,Passenger,15 to 19,None,False,False,True,True,False,True,False,False,False,False,D32,13993
2017,2017/07/28,1830,YONGE ST,Major Arterial,North York,43.760642,-79.410709,Intersection,At Intersection,No Control,Clear,Daylight,Dry,Non-Fatal Injury,Sideswipe,Passenger,15 to 19,None,False,False,True,True,False,True,False,False,False,False,D32,13994
2017,2017/07/30,237,DUNDAS ST W,Major Arterial,Toronto and East York,43.665332,-79.464519,Intersection,At Intersection,Traffic Signal,Clear,Dark,Dry,Non-Fatal Injury,Angle,Driver,55 to 59,Minimal,False,False,True,False,False,False,True,False,True,False,D11,13995
2017,2017/07/30,237,DUNDAS ST W,Major Arterial,Toronto and East York,43.665332,-79.464519,Intersection,At Intersection,Traffic Signal,Clear,Dark,Dry,Non-Fatal Injury,Angle,Driver,60 to 64,Major,False,False,True,False,False,False,True,False,True,False,D11,13996
2018,2018/08/11,1420,EGLINTON AVE W,Major Arterial,Etobicoke York,43.68389,-79.511417,Intersection,At Intersection,Traffic Signal,Clear,Daylight,Dry,Non-Fatal Injury,Pedestrian Collisions,Passenger,0 to 4,Minor,True,False,True,False,False,True,False,False,False,False,D22,14001
2018,2018/08/11,1420,EGLINTON AVE W,Major Arterial,Etobicoke York,43.68389,-79.511417,Intersection,At Intersection,Traffic Signal,Clear,Daylight,Dry,Non-Fatal Injury,Pedestrian Collisions,Passenger,0 to 4,Minor,True,False,True,False,False,True,False,False,False,False,D22,14002
2018,2018/08/11,1420,EGLINTON AVE W,Major Arterial,Etobicoke York,43.68389,-79.511417,Intersection,At Intersection,Traffic Signal,Clear,Daylight,Dry,Non-Fatal Injury,Pedestrian Collisions,Pedestrian,30 to 34,Minor,True,False,True,False,False,True,False,False,False,False,D22,14003
2018,2018/08/11,1420,EGLINTON AVE W,Major Arterial,Etobicoke York,43.68389,-79.511417,Intersection,At Intersection,Traffic Signal,Clear,Daylight,Dry,Non-Fatal Injury,Pedestrian Collisions,Driver,25 to 29,None,True,False,True,False,False,True,False,False,False,False,D22,14004
2018,2018/08/11,1420,EGLINTON AVE W,Major Arterial,Etobicoke York,43.68389,-79.511417,Intersection,At Intersection,Traffic Signal,Clear,Daylight,Dry,Non-Fatal Injury,Pedestrian Collisions,Driver,25 to 29,Major,True,False,True,False,False,True,False,False,False,False,D22,14005
2018,2018/08/12,26,DUFFERIN ST,Major Arterial,Toronto and East York,43.689715,-79.447826,Mid-Block,Non Intersection,No Control,Clear,"Dark, artificial",Dry,Non-Fatal Injury,Approaching,Motorcycle Driver,30 to 34,Major,False,False,True,True,False,True,True,False,False,False,D13,14006
2018,2018/08/12,26,DUFFERIN ST,Major Arterial,Toronto and East York,43.689715,-79.447826,Mid-Block,Non Intersection,No Control,Clear,"Dark, artificial",Dry,Non-Fatal Injury,Approaching,Driver,30 to 34,Minor,False,False,True,True,False,True,True,False,False,False,D13,14007
2018,2018/08/12,26,DUFFERIN ST,Major Arterial,Toronto and East York,43.689715,-79.447826,Mid-Block,Non Intersection,No Control,Clear,"Dark, artificial",Dry,Non-Fatal Injury,Approaching,Motorcycle Passenger,25 to 29,Major,False,False,True,True,False,True,True,False,False,False,D13,14008
2018,2018/08/12,1430,CHUDLEIGH RD,Local,Etobicoke York,43.688647,-79.454875,Intersection,At Intersection,Stop Sign,Clear,Daylight,Dry,Non-Fatal Injury,Cyclist Collisions,Cyclist,30 to 34,Major,False,True,True,False,False,False,False,False,False,False,D13,14009
2018,2018/08/12,1430,CHUDLEIGH RD,Local,Etobicoke York,43.688647,-79.454875,Intersection,At Intersection,Stop Sign,Clear,Daylight,Dry,Non-Fatal Injury,Cyclist Collisions,Driver,25 to 29,None,False,True,True,False,False,False,False,False,False,False,D13,14010
2018,2018/08/13,1039,PETHERHILL  AVE,Local,North York,43.723311,-79.490886,Mid-Block,Non Intersection,No Control,Clear,Daylight,Dry,Non-Fatal Injury,SMV Unattended Vehicle,Driver,50 to 54,Minimal,False,False,True,False,False,True,False,False,False,False,D31,14011
2018,2018/08/13,1039,PETHERHILL  AVE,Local,North York,43.723311,-79.490886,Mid-Block,Non Intersection,No Control,Clear,Daylight,Dry,Non-Fatal Injury,SMV Unattended Vehicle,Passenger,50 to 54,Major,False,False,True,False,False,True,False,False,False,False,D31,14012
2018,2018/08/13,1039,PETHERHILL  AVE,Local,North York,43.723311,-79.490886,Mid-Block,Non Intersection,No Control,Clear,Daylight,Dry,Non-Fatal Injury,SMV Unattended Vehicle,Other,unknown,None,False,False,True,False,False,True,False,False,False,False,D31,14013
2018,2018/08/13,2301,NINTH ST,Local,Etobicoke York,43.601058,-79.507938,Intersection,Intersection Related,No Control,Clear,Dark,Dry,Non-Fatal Injury,Pedestrian Collisions,Pedestrian,45 to 49,Major,True,False,True,False,False,False,False,False,False,False,D22,14014
2018,2018/08/13,2301,NINTH ST,Local,Etobicoke York,43.601058,-79.507938,Intersection,Intersection Related,No Control,Clear,Dark,Dry,Non-Fatal Injury,Pedestrian Collisions,Driver,40 to 44,None,True,False,True,False,False,False,False,False,False,False,D22,14015
2018,2018/08/14,1443,KNOB HILL DR,Collector,Etobicoke York,43.709212,-79.532375,Mid-Block,Non Intersection,No Control,Clear,Daylight,Dry,Non-Fatal Injury,Turning Movement,Driver,30 to 34,Major,False,False,True,False,False,False,True,False,False,False,D12,14016
2018,2018/08/14,1443,KNOB HILL DR,Collector,Etobicoke York,43.709212,-79.532375,Mid-Block,Non Intersection,No Control,Clear,Daylight,Dry,Non-Fatal Injury,Turning Movement,Driver,40 to 44,Minimal,False,False,True,False,False,False,True,False,False,False,D12,14017
2018,2018/08/15,1914,DUFFERIN ST,Major Arterial,Toronto and East York,43.656199,-79.433948,Mid-Block,Non Intersection,No Control,Clear,Daylight,Dry,Non-Fatal Injury,SMV Other,Driver,70 to 74,Major,False,False,True,False,False,False,False,False,False,True,D14,14018
2018,2018/04/27,2300,STEELES AVE W,Major Arterial,Etobicoke York,43.771422,-79.540614,Intersection,At Intersection,Traffic Signal,Rain,"Dark, artificial",Wet,Non-Fatal Injury,Pedestrian Collisions,Passenger,10 to 14,None,True,False,True,False,False,True,False,False,False,False,D31,14019
2018,2018/08/16,1555,LESLIE ST,Major Arterial,North York,43.718589,-79.350383,Intersection,Intersection Related,Stop Sign,Clear,Daylight,Dry,Fatal,Turning Movement,Driver,85 to 89,Fatal,False,False,True,False,True,False,False,False,False,False,D33,14020
2018,2018/08/16,1555,LESLIE ST,Major Arterial,North York,43.718589,-79.350383,Intersection,Intersection Related,Stop Sign,Clear,Daylight,Dry,Fatal,Turning Movement,Truck Driver,25 to 29,None,False,False,True,False,True,False,False,False,False,False,D33,14021
2018,2018/08/16,1555,LESLIE ST,Major Arterial,North York,43.718589,-79.350383,Intersection,Intersection Related,Stop Sign,Clear,Daylight,Dry,Fatal,Turning Movement,Other,unknown,None,False,False,True,False,True,False,False,False,False,False,D33,14022