YEAR,DATE,TIME,STREET1,ROAD_CLASS,DISTRICT,LATITUDE,LONGITUDE,LOCCOORD,ACCLOC,TRAFFCTL,VISIBILITY,LIGHT,RDSFCOND,ACCLASS,IMPACTYPE,INVTYPE,INVAGE,INJURY,PEDESTRIAN,CYCLIST,AUTOMOBILE,MOTORCYCLE,TRUCK,PASSENGER,SPEEDING,REDLIGHT,ALCOHOL,DISABILITY,DIVISION,Record_ID
2018,2018/06/28,2234,VICTORIA PARK AVE,Major Arterial,North York,43.771048,-79.321101,Intersection,Intersection Related,No Control,Clear,"Dark, artificial",Dry,Non-Fatal Injury,Cyclist Collisions,Cyclist,55 to 59,Major,False,True,False,False,False,False,False,False,False,False,D42,14217
2018,2018/06/29,123,STEELES AVE W,Major Arterial,Etobicoke York,43.759535,-79.589862,Intersection,At Intersection,Traffic Signal,Clear,"Dark, artificial",Dry,Fatal,Pedestrian Collisions,Driver,25 to 29,Minor,True,False,True,False,False,False,True,False,False,False,D23,14218
2018,2018/06/29,123,STEELES AVE W,Major Arterial,Etobicoke York,43.759535,-79.589862,Intersection,At Intersection,Traffic Signal,Clear,"Dark, artificial",Dry,Fatal,Pedestrian Collisions,Driver,25 to 29,None,True,False,True,False,False,False,True,False,False,False,D23,14219
2018,2018/06/29,123,STEELES AVE W,Major Arterial,Etobicoke York,43.759535,-79.589862,Intersection,At Intersection,Traffic Signal,Clear,"Dark, artificial",Dry,Fatal,Pedestrian Collisions,Driver,55 to 59,Minor,True,False,True,False,False,False,True,False,False,False,D23,14220
2018,2018/06/29,123,STEELES AVE W,Major Arterial,Etobicoke York,43.759535,-79.589862,Intersection,At Intersection,Traffic Signal,Clear,"Dark, artificial",Dry,Fatal,Pedestrian Collisions,Pedestrian,15 to 19,Fatal,True,False,True,False,False,False,True,False,False,False,D23,14221
2018,2018/06/29,2215,PACIFIC AVE,Major Arterial,Etobicoke York,43.665389,-79.468578,Intersection,At Intersection,Traffic Signal,Clear,"Dark, artificial",Dry,Non-Fatal Injury,Pedestrian Collisions,Driver,55 to 59,Minimal,True,False,True,False,False,False,False,False,True,False,D11,14222
2018,2018/06/29,2215,PACIFIC AVE,Major Arterial,Etobicoke York,43.665389,-79.468578,Intersection,At Intersection,Traffic Signal,Clear,"Dark, artificial",Dry,Non-Fatal Injury,Pedestrian Collisions,Pedestrian,50 to 54,Major,True,False,True,False,False,False,False,False,True,False,D11,14223
2018,2018/06/29,2215,PACIFIC AVE,Major Arterial,Etobicoke York,43.665389,-79.468578,Intersection,At Intersection,Traffic Signal,Clear,"Dark, artificial",Dry,Non-Fatal Injury,Pedestrian Collisions,Pedestrian,40 to 44,Minor,True,False,True,False,False,False,False,False,True,False,D11,14224
2018,2018/07/04,1720,DANFORTH RD,Major Arterial,Scarborough,43.746295,-79.244525,Intersection,Intersection Related,No Control,Clear,Daylight,Dry,Non-Fatal Injury,Approaching,Driver,70 to 74,Major,False,False,True,False,False,False,True,False,False,False,D43,14225
2018,2018/07/04,1720,DANFORTH RD,Major Arterial,Scarborough,43.746295,-79.244525,Intersection,Intersection Related,No Control,Clear,Daylight,Dry,Non-Fatal Injury,Approaching,Driver,50 to 54,Major,False,False,True,False,False,False,True,False,False,False,D43,14226
2018,2018/07/04,2043,RAVENCLIFF CRES,Local,Scarborough,43.778926,-79.317661,Mid-Block,Non Intersection,No Control,Clear,"Daylight, artificial",Wet,Non-Fatal Injury,Other,Driver,25 to 29,None,False,False,True,False,False,True,False,False,False,False,D42,14227
2018,2018/07/04,2043,RAVENCLIFF CRES,Local,Scarborough,43.778926,-79.317661,Mid-Block,Non Intersection,No Control,Clear,"Daylight, artificial",Wet,Non-Fatal Injury,Other,Passenger,25 to 29,Major,False,False,True,False,False,True,False,False,False,False,D42,14228
2018,2018/07/04,2043,RAVENCLIFF CRES,Local,Scarborough,43.778926,-79.317661,Mid-Block,Non Intersection,No Control,Clear,"Daylight, artificial",Wet,Non-Fatal Injury,Other,Passenger,0 to 4,None,False,False,True,False,False,True,False,False,False,False,D42,14229
2018,2018/07/05,830,WESTON RD,Minor Arterial,Etobicoke York,43.701152,-79.520068,Mid-Block,Non Intersection,No Control,Clear,Daylight,Dry,Non-Fatal Injury,Pedestrian Collisions,Driver,30 to 34,None,True,False,True,False,False,False,False,False,False,False,D12,14230
2018,2018/09/05,2218,2592 FINCH AVE W,Major Arterial,Etobicoke York,43.747855,-79.56158,Mid-Block,Non Intersection,No Control,Clear,"Dark, artificial",Dry,Non-Fatal Injury,Angle,Passenger,20 to 24,Minimal,False,False,True,False,False,True,False,False,False,False,D31,14231
2017,2017/12/21,1528,KINGSTON RD,Major Arterial,Scarborough,43.687686,-79.270885,Intersection,At Intersection,Traffic Signal,Clear,Daylight,Dry,Fatal,Pedestrian Collisions,Driver,25 to 29,None,True,False,True,False,False,False,True,True,True,False,D41,14232
2018,2018/05/01,1905,DANFORTH AVE,Minor Arterial,Scarborough,43.697734,-79.261806,Mid-Block,Non Intersection,No Control,Clear,Daylight,Dry,Non-Fatal Injury,Rear End,Motorcycle Driver,25 to 29,Major,False,False,False,True,False,False,True,False,False,False,D41,14233
2018,2018/07/05,2235,RENFORTH DR,Major Arterial,Etobicoke York,43.669337,-79.591533,Intersection,At Intersection,Traffic Signal,Clear,"Dark, artificial",Dry,Non-Fatal Injury,Turning Movement,Passenger,20 to 24,Minor,False,False,True,False,True,True,True,False,False,False,D23,14234
2017,2017/10/04,1147,BLOOR ST W,Major Arterial,Toronto and East York,43.666583,-79.403827,Intersection,At Intersection,Traffic Signal,Clear,Daylight,Dry,Non-Fatal Injury,Cyclist Collisions,Cyclist,25 to 29,None,False,True,True,False,False,False,False,False,False,False,D14,14235
2017,2017/12/28,1138,DUNDAS ST W,Major Arterial,Etobicoke York,43.648699,-79.528705,Intersection,At Intersection,Traffic Signal,Clear,Daylight,Wet,Non-Fatal Injury,Pedestrian Collisions,Pedestrian,unknown,Major,True,False,True,False,False,False,False,False,False,False,D22,14236
2018,2018/07/09,2148,LN W HURON N BERNARD,Laneway,Scarborough,43.673171,-79.404529,Mid-Block,Laneway,No Control,Clear,"Dark, artificial",Dry,Non-Fatal Injury,Pedestrian Collisions,Driver,unknown,None,True,False,True,False,False,True,True,False,False,False,D53,14237
2017,2017/10/04,1147,BLOOR ST W,Major Arterial,Toronto and East York,43.666583,-79.403827,Intersection,At Intersection,Traffic Signal,Clear,Daylight,Dry,Non-Fatal Injury,Cyclist Collisions,Driver,35 to 39,None,False,True,True,False,False,False,False,False,False,False,D14,14238
2018,2018/05/02,1616,KINGSTON RD,Major Arterial,Scarborough,43.796981,-79.149135,Intersection,At Intersection,Traffic Signal,Clear,Daylight,Dry,Non-Fatal Injury,Turning Movement,Motorcycle Driver,15 to 19,Major,False,False,True,True,False,False,False,False,False,False,D42,14239
2017,2017/12/28,1138,DUNDAS ST W,Major Arterial,Etobicoke York,43.648699,-79.528705,Intersection,At Intersection,Traffic Signal,Clear,Daylight,Wet,Non-Fatal Injury,Pedestrian Collisions,Driver,70 to 74,None,True,False,True,False,False,False,False,False,False,False,D22,14240
2018,2018/07/09,2148,LN W HURON N BERNARD,Laneway,Scarborough,43.673171,-79.404529,Mid-Block,Laneway,No Control,Clear,"Dark, artificial",Dry,Non-Fatal Injury,Pedestrian Collisions,Driver,20 to 24,None,True,False,True,False,False,True,True,False,False,False,D53,14241
2017,2017/10/04,1147,BLOOR ST W,Major Arterial,Toronto and East York,43.666583,-79.403827,Intersection,At Intersection,Traffic Signal,Clear,Daylight,Dry,Non-Fatal Injury,Cyclist Collisions,Cyclist,50 to 54,Major,False,True,True,False,False,False,False,False,False,False,D14,14242
2017,2017/11/08,1838,TRETHEWEY DR,Minor Arterial,Etobicoke York,43.692324,-79.477252,Intersection,Non Intersection,No Control,Clear,"Dark, artificial",Dry,Non-Fatal Injury,Cyclist Collisions,Driver,60 to 64,None,False,True,True,False,False,False,False,False,False,False,D12,14243
2018,2018/03/09,1745,WESTON RD,Minor Arterial,Etobicoke York,43.696166,-79.508159,Intersection,At Intersection,Traffic Signal,Clear,Daylight,Dry,Non-Fatal Injury,Turning Movement,Motorcycle Driver,35 to 39,Major,False,False,True,True,False,False,False,False,False,False,D12,14244
2017,2017/12/28,1418,KING  ST W,Major Arterial,Toronto and East York,43.63795,-79.431827,Intersection,At Intersection,No Control,Clear,Daylight,Dry,Non-Fatal Injury,Pedestrian Collisions,Pedestrian,25 to 29,Major,True,False,False,False,False,False,False,False,False,False,D14,14245
2018,2018/07/09,2148,LN W HURON N BERNARD,Laneway,Scarborough,43.673171,-79.404529,Mid-Block,Laneway,No Control,Clear,"Dark, artificial",Dry,Non-Fatal Injury,Pedestrian Collisions,Pedestrian,25 to 29,Minor,True,False,True,False,False,True,True,False,False,False,D53,14246
2017,2017/12/28,1418,KING  ST W,Major Arterial,Toronto and East York,43.63795,-79.431827,Intersection,At Intersection,No Control,Clear,Daylight,Dry,Non-Fatal Injury,Pedestrian Collisions,Driver,40 to 44,None,True,False,False,False,False,False,False,False,False,False,D14,14247
2018,2018/09/06,1027,POST RD,Collector,North York,43.736422,-79.381061,Mid-Block,At/Near Private Drive,No Control,Clear,Daylight,Dry,Non-Fatal Injury,Rear End,Driver,65 to 69,None,False,False,True,True,False,False,False,False,False,False,D33,14248
2017,2017/10/04,2308,900 YORK MILLS RD,Major Arterial,North York,43.755549,-79.34798,Mid-Block,Non Intersection,No Control,Clear,Dark,Dry,Fatal,Pedestrian Collisions,Driver,unknown,None,True,False,True,False,False,False,False,False,True,False,D33,14249
2017,2017/11/08,2009,KEELE ST,Major Arterial,Etobicoke York,43.781508,-79.494464,Intersection,At Intersection,Traffic Signal,Clear,"Dark, artificial",Dry,Non-Fatal Injury,Turning Movement,Driver,55 to 59,None,False,False,True,False,False,False,False,False,False,False,D31,14250
2018,2018/05/02,1616,KINGSTON RD,Major Arterial,Scarborough,43.796981,-79.149135,Intersection,At Intersection,Traffic Signal,Clear,Daylight,Dry,Non-Fatal Injury,Turning Movement,Driver,55 to 59,None,False,False,True,True,False,False,False,False,False,False,D42,14251
2018,2018/07/09,2148,LN W HURON N BERNARD,Laneway,Scarborough,43.673171,-79.404529,Mid-Block,Laneway,No Control,Clear,"Dark, artificial",Dry,Non-Fatal Injury,Pedestrian Collisions,Passenger,20 to 24,Major,True,False,True,False,False,True,True,False,False,False,D53,14252
2017,2017/12/29,1515,ST CLAIR AVE E,Major Arterial,Scarborough,43.716452,-79.261302,Intersection,At Intersection,Traffic Signal,Snow,Daylight,Loose Snow,Non-Fatal Injury,Other,Passenger,65 to 69,Major,False,False,True,False,False,True,False,False,False,False,D41,14253
2018,2018/02/08,313,SPADINA AVE,Major Arterial,Toronto and East York,43.648692,-79.396343,Intersection,At Intersection,Traffic Signal,Clear,"Dark, artificial",Slush,Non-Fatal Injury,Pedestrian Collisions,Pedestrian,20 to 24,Major,True,False,True,False,False,True,False,True,False,False,D52,14254
2018,2018/09/06,1027,POST RD,Collector,North York,43.736422,-79.381061,Mid-Block,At/Near Private Drive,No Control,Clear,Daylight,Dry,Non-Fatal Injury,Rear End,Motorcycle Driver,40 to 44,Major,False,False,True,True,False,False,False,False,False,False,D33,14255
2017,2017/10/04,2308,900 YORK MILLS RD,Major Arterial,North York,43.755549,-79.34798,Mid-Block,Non Intersection,No Control,Clear,Dark,Dry,Fatal,Pedestrian Collisions,Pedestrian,60 to 64,Fatal,True,False,True,False,False,False,False,False,True,False,D33,14256
2017,2017/11/08,2009,KEELE ST,Major Arterial,Etobicoke York,43.781508,-79.494464,Intersection,At Intersection,Traffic Signal,Clear,"Dark, artificial",Dry,Non-Fatal Injury,Turning Movement,Driver,20 to 24,Major,False,False,True,False,False,False,False,False,False,False,D31,14257
2017,2017/11/10,900,YONGE ST,Major Arterial,North York,43.773707,-79.413989,Intersection,At Intersection,Traffic Signal,Clear,Daylight,Wet,Non-Fatal Injury,Pedestrian Collisions,Driver,25 to 29,None,True,False,True,False,False,True,False,False,False,False,D32,14258
2017,2017/11/10,900,YONGE ST,Major Arterial,North York,43.773707,-79.413989,Intersection,At Intersection,Traffic Signal,Clear,Daylight,Wet,Non-Fatal Injury,Pedestrian Collisions,Driver,35 to 39,None,True,False,True,False,False,True,False,False,False,False,D32,14259
2017,2017/11/10,900,YONGE ST,Major Arterial,North York,43.773707,-79.413989,Intersection,At Intersection,Traffic Signal,Clear,Daylight,Wet,Non-Fatal Injury,Pedestrian Collisions,Driver,45 to 49,None,True,False,True,False,False,True,False,False,False,False,D32,14260
2017,2017/11/10,900,YONGE ST,Major Arterial,North York,43.773707,-79.413989,Intersection,At Intersection,Traffic Signal,Clear,Daylight,Wet,Non-Fatal Injury,Pedestrian Collisions,Pedestrian,65 to 69,Major,True,False,True,False,False,True,False,False,False,False,D32,14261
2017,2017/11/10,900,YONGE ST,Major Arterial,North York,43.773707,-79.413989,Intersection,At Intersection,Traffic Signal,Clear,Daylight,Wet,Non-Fatal Injury,Pedestrian Collisions,Passenger,35 to 39,None,True,False,True,False,False,True,False,False,False,False,D32,14262
2017,2017/11/10,900,YONGE ST,Major Arterial,North York,43.773707,-79.413989,Intersection,At Intersection,Traffic Signal,Clear,Daylight,Wet,Non-Fatal Injury,Pedestrian Collisions,Passenger,45 to 49,None,True,False,True,False,False,True,False,False,False,False,D32,14263
2017,2017/11/10,1850,O CONNOR DR,Major Arterial,Toronto and East York,43.693171,-79.350253,Intersection,At Intersection,Traffic Signal,Clear,"Dark, artificial",Dry,Non-Fatal Injury,Pedestrian Collisions,Pedestrian,50 to 54,Major,True,False,True,False,False,False,False,False,False,False,D55,14264
2017,2017/11/10,1850,O CONNOR DR,Major Arterial,Toronto and East York,43.693171,-79.350253,Intersection,At Intersection,Traffic Signal,Clear,"Dark, artificial",Dry,Non-Fatal Injury,Pedestrian Collisions,Driver,unknown,None,True,False,True,False,False,False,False,False,False,False,D55,14265
2017,2017/11/10,2233,WARDEN AVE,Major Arterial,Scarborough,43.738906,-79.292102,Mid-Block,Non Intersection,No Control,Clear,"Dark, artificial",Dry,Fatal,Pedestrian Collisions,Pedestrian,55 to 59,Fatal,True,False,True,False,False,False,False,False,False,False,D41,14266
2018,2018/03/10,1555,COXWELL AVE,Minor Arterial,Scarborough,43.673754,-79.319652,Mid-Block,Non Intersection,No Control,Clear,Daylight,Dry,Non-Fatal Injury,Pedestrian Collisions,Pedestrian,40 to 44,Major,True,False,False,False,False,False,False,False,False,False,D55,14267
2017,2017/11/10,2233,WARDEN AVE,Major Arterial,Scarborough,43.738906,-79.292102,Mid-Block,Non Intersection,No Control,Clear,"Dark, artificial",Dry,Fatal,Pedestrian Collisions,Driver,20 to 24,None,True,False,True,False,False,False,False,False,False,False,D41,14268
2017,2017/11/12,138,BROCK AVE,Collector,Toronto and East York,43.64363,-79.433177,Intersection,At Intersection,No Control,Clear,"Dark, artificial",Dry,Non-Fatal Injury,Pedestrian Collisions,Pedestrian,65 to 69,Major,True,False,True,False,False,False,False,False,False,False,D11,14269
2017,2017/11/12,138,BROCK AVE,Collector,Toronto and East York,43.64363,-79.433177,Intersection,At Intersection,No Control,Clear,"Dark, artificial",Dry,Non-Fatal Injury,Pedestrian Collisions,Driver,25 to 29,None,True,False,True,False,False,False,False,False,False,False,D11,14270
2017,2017/11/14,1054,STEELES AVE E,Major Arterial,Scarborough,43.834231,-79.261112,Intersection,At Intersection,Traffic Signal,Clear,Daylight,Dry,Non-Fatal Injury,Rear End,Driver,40 to 44,Major,False,False,True,False,False,False,False,False,False,False,D42,14271
2017,2017/11/14,1054,STEELES AVE E,Major Arterial,Scarborough,43.834231,-79.261112,Intersection,At Intersection,Traffic Signal,Clear,Daylight,Dry,Non-Fatal Injury,Rear End,Driver,50 to 54,None,False,False,True,False,False,False,False,False,False,False,D42,14272
2017,2017/11/15,2100,MURRAY ROSS PKWY,Minor Arterial,Etobicoke York,43.764743,-79.501285,Intersection,At Intersection,Traffic Signal,Clear,"Dark, artificial",Dry,Non-Fatal Injury,Pedestrian Collisions,Pedestrian,15 to 19,Major,True,False,True,False,False,False,False,False,False,False,D31,14273
2017,2017/11/15,2100,MURRAY ROSS PKWY,Minor Arterial,Etobicoke York,43.764743,-79.501285,Intersection,At Intersection,Traffic Signal,Clear,"Dark, artificial",Dry,Non-Fatal Injury,Pedestrian Collisions,Driver,unknown,None,True,False,True,False,False,False,False,False,False,False,D31,14274
2017,2017/11/16,1120,FINCH AVE E,Major Arterial,North York,43.79027,-79.365299,Intersection,At Intersection,No Control,Clear,Daylight,Dry,Non-Fatal Injury,Pedestrian Collisions,Pedestrian,80 to 84,Major,True,False,True,False,False,False,False,False,False,False,D33,14275
2017,2017/11/16,1120,FINCH AVE E,Major Arterial,North York,43.79027,-79.365299,Intersection,At Intersection,No Control,Clear,Daylight,Dry,Non-Fatal Injury,Pedestrian Collisions,Pedestrian,80 to 84,Major,True,False,True,False,False,False,False,False,False,False,D33,14276
2017,2017/11/16,1120,FINCH AVE E,Major Arterial,North York,43.79027,-79.365299,Intersection,At Intersection,No Control,Clear,Daylight,Dry,Non-Fatal Injury,Pedestrian Collisions,Driver,70 to 74,None,True,False,True,False,False,False,False,False,False,False,D33,14277
2017,2017/11/19,145,MARKHAM RD,Major Arterial,Scarborough,43.78385,-79.234683,Intersection,At Intersection,Traffic Signal,Rain,"Dark, artificial",Wet,Non-Fatal Injury,Turning Movement,Driver,30 to 34,Minor,False,False,True,False,False,False,False,True,False,False,D43,14278
2017,2017/11/19,145,MARKHAM RD,Major Arterial,Scarborough,43.78385,-79.234683,Intersection,At Intersection,Traffic Signal,Rain,"Dark, artificial",Wet,Non-Fatal Injury,Turning Movement,Driver,30 to 34,Minimal,False,False,True,False,False,False,False,True,False,False,D43,14279
2017,2017/11/19,145,MARKHAM RD,Major Arterial,Scarborough,43.78385,-79.234683,Intersection,At Intersection,Traffic Signal,Rain,"Dark, artificial",Wet,Non-Fatal Injury,Turning Movement,Driver,35 to 39,None,False,False,True,False,False,False,False,True,False,False,D43,14280
2017,2017/11/19,145,MARKHAM RD,Major Arterial,Scarborough,43.78385,-79.234683,Intersection,At Intersection,Traffic Signal,Rain,"Dark, artificial",Wet,Non-Fatal Injury,Turning Movement,Other,5 to 9,Minor,False,False,True,False,False,False,False,True,False,False,D43,14281
2017,2017/11/19,145,MARKHAM RD,Major Arterial,Scarborough,43.78385,-79.234683,Intersection,At Intersection,Traffic Signal,Rain,"Dark, artificial",Wet,Non-Fatal Injury,Turning Movement,Other,0 to 4,Major,False,False,True,False,False,False,False,True,False,False,D43,14282
2017,2017/11/20,1809,MORNINGSIDE AVE,Major Arterial,Scarborough,43.808863,-79.202686,Intersection,At Intersection,Traffic Signal,Clear,"Dark, artificial",Dry,Non-Fatal Injury,Turning Movement,Passenger,60 to 64,Major,False,False,True,False,False,True,False,False,False,False,D42,14283
2017,2017/11/20,1809,MORNINGSIDE AVE,Major Arterial,Scarborough,43.808863,-79.202686,Intersection,At Intersection,Traffic Signal,Clear,"Dark, artificial",Dry,Non-Fatal Injury,Turning Movement,Driver,25 to 29,None,False,False,True,False,False,True,False,False,False,False,D42,14284
2017,2017/11/20,1809,MORNINGSIDE AVE,Major Arterial,Scarborough,43.808863,-79.202686,Intersection,At Intersection,Traffic Signal,Clear,"Dark, artificial",Dry,Non-Fatal Injury,Turning Movement,Driver,60 to 64,Minimal,False,False,True,False,False,True,False,False,False,False,D42,14285
2017,2017/11/21,2319,LAKE SHORE BLVD W,Expressway,Toronto and East York,43.640258,-79.383151,Intersection,At Intersection,Traffic Signal,Clear,"Dark, artificial",Dry,Non-Fatal Injury,Pedestrian Collisions,Driver,55 to 59,None,True,False,True,False,False,False,False,False,False,False,D52,14286
2017,2017/11/21,2319,LAKE SHORE BLVD W,Expressway,Toronto and East York,43.640258,-79.383151,Intersection,At Intersection,Traffic Signal,Clear,"Dark, artificial",Dry,Non-Fatal Injury,Pedestrian Collisions,Pedestrian,60 to 64,Major,True,False,True,False,False,False,False,False,False,False,D52,14287
2017,2017/11/21,2319,LAKE SHORE BLVD W,Expressway,Toronto and East York,43.640258,-79.383151,Intersection,At Intersection,Traffic Signal,Clear,"Dark, artificial",Dry,Non-Fatal Injury,Pedestrian Collisions,Pedestrian,25 to 29,None,True,False,True,False,False,False,False,False,False,False,D52,14288
2017,2017/11/22,1110,BAYVIEW AVE,Major Arterial,North York,43.730132,-79.381397,Mid-Block,Non Intersection,No Control,Clear,Daylight,Dry,Non-Fatal Injury,SMV Other,Driver,30 to 34,Major,False,False,True,False,False,False,False,False,False,False,D53,14289
2017,2017/11/23,1630,MILNER  AVE,Minor Arterial,Scarborough,43.786635,-79.242137,Intersection,Intersection Related,No Control,Clear,Dusk,Dry,Non-Fatal Injury,Pedestrian Collisions,Pedestrian,50 to 54,Major,True,False,True,False,False,False,False,False,False,False,D42,14290
2017,2017/11/23,1630,MILNER  AVE,Minor Arterial,Scarborough,43.786635,-79.242137,Intersection,Intersection Related,No Control,Clear,Dusk,Dry,Non-Fatal Injury,Pedestrian Collisions,Driver,55 to 59,None,True,False,True,False,False,False,False,False,False,False,D42,14291
2017,2017/11/23,1856,KINGSTON RD,Major Arterial,Toronto and East York,43.680293,-79.289165,Intersection,At Intersection,No Control,Clear,Dark,Dry,Non-Fatal Injury,Cyclist Collisions,Cyclist,55 to 59,Major,False,True,True,False,False,False,False,False,False,False,D55,14292
2017,2017/11/23,1856,KINGSTON RD,Major Arterial,Toronto and East York,43.680293,-79.289165,Intersection,At Intersection,No Control,Clear,Dark,Dry,Non-Fatal Injury,Cyclist Collisions,Driver,15 to 19,None,False,True,True,False,False,False,False,False,False,False,D55,14293
2017,2017/11/24,840,VEROBEACH BLVD,Local,Etobicoke York,43.73778,-79.542117,Intersection,At Intersection,Stop Sign,Clear,Daylight,Dry,Non-Fatal Injury,Pedestrian Collisions,Driver,40 to 44,None,True,False,True,False,False,False,False,False,False,False,D31,14294
2017,2017/11/24,840,VEROBEACH BLVD,Local,Etobicoke York,43.73778,-79.542117,Intersection,At Intersection,Stop Sign,Clear,Daylight,Dry,Non-Fatal Injury,Pedestrian Collisions,Pedestrian,80 to 84,Major,True,False,True,False,False,False,False,False,False,False,D31,14295
2017,2017/11/24,840,VEROBEACH BLVD,Local,Etobicoke York,43.73778,-79.542117,Intersection,At Intersection,Stop Sign,Clear,Daylight,Dry,Non-Fatal Injury,Pedestrian Collisions,Pedestrian,75 to 79,Major,True,False,True,False,False,False,False,False,False,False,D31,14296
2017,2017/11/24,1148,SHEPPARD AVE E,Major Arterial,Scarborough,43.775355,-79.322238,Mid-Block,Non Intersection,No Control,Clear,Daylight,Dry,Fatal,Pedestrian Collisions,Truck Driver,25 to 29,None,True,False,True,False,True,False,False,False,False,False,D42,14297
2017,2017/11/24,1148,SHEPPARD AVE E,Major Arterial,Scarborough,43.775355,-79.322238,Mid-Block,Non Intersection,No Control,Clear,Daylight,Dry,Fatal,Pedestrian Collisions,Pedestrian,70 to 74,Fatal,True,False,True,False,True,False,False,False,False,False,D42,14298
2017,2017/11/25,2351,DUNDAS ST W,Major Arterial,Etobicoke York,43.629279,-79.553577,Mid-Block,Non Intersection,No Control,Clear,"Dark, artificial",Dry,Non-Fatal Injury,Cyclist Collisions,Cyclist,35 to 39,None,False,True,True,False,False,False,False,False,False,False,D22,14299
2017,2017/11/25,2351,DUNDAS ST W,Major Arterial,Etobicoke York,43.629279,-79.553577,Mid-Block,Non Intersection,No Control,Clear,"Dark, artificial",Dry,Non-Fatal Injury,Cyclist Collisions,Driver,55 to 59,Major,False,True,True,False,False,False,False,False,False,False,D22,14300
2017,2017/11/26,327,MARKHAM  RD,Major Arterial,Scarborough,43.823924,-79.247775,Intersection,At Intersection,Traffic Signal,Clear,"Dark, artificial",Dry,Non-Fatal Injury,Turning Movement,Passenger,55 to 59,Major,False,False,True,False,False,True,False,False,False,False,D42,14301
2017,2017/11/26,327,MARKHAM  RD,Major Arterial,Scarborough,43.823924,-79.247775,Intersection,At Intersection,Traffic Signal,Clear,"Dark, artificial",Dry,Non-Fatal Injury,Turning Movement,Passenger,85 to 89,Minor,False,False,True,False,False,True,False,False,False,False,D42,14302
2017,2017/11/26,327,MARKHAM  RD,Major Arterial,Scarborough,43.823924,-79.247775,Intersection,At Intersection,Traffic Signal,Clear,"Dark, artificial",Dry,Non-Fatal Injury,Turning Movement,Driver,60 to 64,Minor,False,False,True,False,False,True,False,False,False,False,D42,14303
2017,2017/11/26,327,MARKHAM  RD,Major Arterial,Scarborough,43.823924,-79.247775,Intersection,At Intersection,Traffic Signal,Clear,"Dark, artificial",Dry,Non-Fatal Injury,Turning Movement,Driver,unknown,None,False,False,True,False,False,True,False,False,False,False,D42,14304
2017,2017/11/28,558,FINCH  AVE W,Major Arterial,Etobicoke York,43.755858,-79.524242,Intersection,At Intersection,Traffic Signal,Clear,"Dark, artificial",Dry,Non-Fatal Injury,Turning Movement,Driver,20 to 24,None,False,False,True,False,False,True,False,False,False,False,D31,14305
2017,2017/11/28,558,FINCH  AVE W,Major Arterial,Etobicoke York,43.755858,-79.524242,Intersection,At Intersection,Traffic Signal,Clear,"Dark, artificial",Dry,Non-Fatal Injury,Turning Movement,Driver,35 to 39,Major,False,False,True,False,False,True,False,False,False,False,D31,14306
2017,2017/11/28,558,FINCH  AVE W,Major Arterial,Etobicoke York,43.755858,-79.524242,Intersection,At Intersection,Traffic Signal,Clear,"Dark, artificial",Dry,Non-Fatal Injury,Turning Movement,Passenger,50 to 54,None,False,False,True,False,False,True,False,False,False,False,D31,14307
2017,2017/11/28,558,FINCH  AVE W,Major Arterial,Etobicoke York,43.755858,-79.524242,Intersection,At Intersection,Traffic Signal,Clear,"Dark, artificial",Dry,Non-Fatal Injury,Turning Movement,Other,35 to 39,None,False,False,True,False,False,True,False,False,False,False,D31,14308
2017,2017/11/28,1212,EDITH DR,Collector,North York,43.707171,-79.40327,Intersection,At Intersection,Stop Sign,Clear,Daylight,Dry,Fatal,Pedestrian Collisions,Driver,50 to 54,None,True,False,True,False,False,False,False,False,False,False,D53,14309
2017,2017/11/28,1212,EDITH DR,Collector,North York,43.707171,-79.40327,Intersection,At Intersection,Stop Sign,Clear,Daylight,Dry,Fatal,Pedestrian Collisions,Pedestrian,80 to 84,Fatal,True,False,True,False,False,False,False,False,False,False,D53,14310
2017,2017/11/28,1431,KIPLING AVE,Major Arterial,Etobicoke York,43.600611,-79.517978,Intersection,At Intersection,Traffic Signal,Clear,Daylight,Dry,Non-Fatal Injury,Pedestrian Collisions,Driver,50 to 54,None,True,False,True,False,False,False,False,False,False,False,D22,14311
2017,2017/11/28,1431,KIPLING AVE,Major Arterial,Etobicoke York,43.600611,-79.517978,Intersection,At Intersection,Traffic Signal,Clear,Daylight,Dry,Non-Fatal Injury,Pedestrian Collisions,Pedestrian,30 to 34,Major,True,False,True,False,False,False,False,False,False,False,D22,14312
2017,2017/11/30,1709,WARDEN  AVE,Major Arterial,Scarborough,43.811564,-79.323375,Intersection,At Intersection,Traffic Signal,Rain,Dusk,Wet,Non-Fatal Injury,Cyclist Collisions,Cyclist,60 to 64,Major,False,True,True,False,False,False,False,False,False,False,D42,14313