YEAR,DATE,TIME,STREET1,ROAD_CLASS,DISTRICT,LATITUDE,LONGITUDE,LOCCOORD,ACCLOC,TRAFFCTL,VISIBILITY,LIGHT,RDSFCOND,ACCLASS,IMPACTYPE,INVTYPE,INVAGE,INJURY,PEDESTRIAN,CYCLIST,AUTOMOBILE,MOTORCYCLE,TRUCK,PASSENGER,SPEEDING,REDLIGHT,ALCOHOL,DISABILITY,DIVISION,Record_ID
2018,2018/09/12,1205,DUFFERIN ST,Major Arterial,North York,43.685496,-79.446079,Intersection,At Intersection,Traffic Signal,Clear,Daylight,Dry,Non-Fatal Injury,Pedestrian Collisions,Pedestrian,70 to 74,Major,True,False,True,False,True,False,False,True,False,False,D13,14605
2017,2017/10/18,906,COWAN AVE,Major Arterial,Toronto and East York,43.63795,-79.431827,Intersection,At Intersection,Stop Sign,Clear,Daylight,Dry,Fatal,Cyclist Collisions,Driver,50 to 54,None,False,True,True,False,False,False,False,False,False,False,D14,14606
2018,2018/03/28,1749,MOUNT PLEASANT RD,Major Arterial,Toronto and East York,43.68439,-79.383662,Mid-Block,Non Intersection,No Control,Clear,Daylight,Dry,Fatal,Turning Movement,Driver,15 to 19,None,False,False,True,True,False,False,True,False,False,False,D53,14607
2018,2018/05/19,1550,STANLEY  AVE,Local,Etobicoke York,43.615843,-79.49023,Intersection,At/Near Private Drive,No Control,Clear,Daylight,Dry,Non-Fatal Injury,Pedestrian Collisions,Driver,25 to 29,None,True,False,True,False,False,True,False,False,False,False,D22,14608
2018,2018/07/26,1515,OSSINGTON  AVE,Minor Arterial,Toronto and East York,43.671363,-79.429553,Intersection,At Intersection,No Control,Rain,"Daylight, artificial",Wet,Non-Fatal Injury,Cyclist Collisions,Cyclist,40 to 44,Major,False,True,True,False,False,False,False,False,False,False,D13,14609
2018,2018/02/18,1827,YONGE ST,Major Arterial,North York,43.710841,-79.399249,Intersection,Intersection Related,No Control,Clear,"Dusk, artificial",Dry,Non-Fatal Injury,Pedestrian Collisions,Driver,40 to 44,None,True,False,True,False,False,False,False,False,False,False,D53,14610
2018,2018/09/12,2300,MCCOWAN RD,Major Arterial,Scarborough,43.774501,-79.2522,Intersection,At Intersection,Traffic Signal,Clear,"Dark, artificial",Dry,Non-Fatal Injury,Pedestrian Collisions,Driver,30 to 34,None,True,False,True,False,False,False,False,False,False,False,D43,14611
2017,2017/10/20,2318,KIPLING  AVE,Major Arterial,Etobicoke York,43.625136,-79.528507,Intersection,At Intersection,Traffic Signal,Clear,"Dusk, artificial",Dry,Non-Fatal Injury,Pedestrian Collisions,Pedestrian,45 to 49,Major,True,False,True,False,False,False,False,False,False,False,D22,14612
2018,2018/01/11,1740,BRIDLETOWNE CRCL,Major Arterial,Scarborough,43.795779,-79.31927,Intersection,At Intersection,Traffic Signal,Clear,"Dark, artificial",Dry,Non-Fatal Injury,Pedestrian Collisions,Driver,unknown,None,True,False,True,False,False,False,False,False,False,False,D42,14613
2018,2018/09/12,2300,MCCOWAN RD,Major Arterial,Scarborough,43.774501,-79.2522,Intersection,At Intersection,Traffic Signal,Clear,"Dark, artificial",Dry,Non-Fatal Injury,Pedestrian Collisions,Pedestrian,50 to 54,Major,True,False,True,False,False,False,False,False,False,False,D43,14614
2018,2018/03/28,1749,MOUNT PLEASANT RD,Major Arterial,Toronto and East York,43.68439,-79.383662,Mid-Block,Non Intersection,No Control,Clear,Daylight,Dry,Fatal,Turning Movement,Motorcycle Driver,35 to 39,Fatal,False,False,True,True,False,False,True,False,False,False,D53,14615
2018,2018/07/29,330,KEELE ST,Major Arterial,North York,43.76343,-79.491008,Intersection,At Intersection,Traffic Signal,Clear,Daylight,Dry,Non-Fatal Injury,Pedestrian Collisions,Driver,unknown,None,True,False,True,False,False,False,False,False,False,False,D31,14616
2018,2018/05/19,1550,STANLEY  AVE,Local,Etobicoke York,43.615843,-79.49023,Intersection,At/Near Private Drive,No Control,Clear,Daylight,Dry,Non-Fatal Injury,Pedestrian Collisions,Passenger,25 to 29,None,True,False,True,False,False,True,False,False,False,False,D22,14617
2018,2018/02/18,1827,YONGE ST,Major Arterial,North York,43.710841,-79.399249,Intersection,Intersection Related,No Control,Clear,"Dusk, artificial",Dry,Non-Fatal Injury,Pedestrian Collisions,Pedestrian,45 to 49,Major,True,False,True,False,False,False,False,False,False,False,D53,14618
2017,2017/10/20,2318,KIPLING  AVE,Major Arterial,Etobicoke York,43.625136,-79.528507,Intersection,At Intersection,Traffic Signal,Clear,"Dusk, artificial",Dry,Non-Fatal Injury,Pedestrian Collisions,Driver,60 to 64,None,True,False,True,False,False,False,False,False,False,False,D22,14619
2018,2018/01/12,1901,MCCOWAN RD,Major Arterial,Scarborough,43.772071,-79.25146,Intersection,At Intersection,Traffic Signal,Freezing Rain,"Dark, artificial",Ice,Non-Fatal Injury,SMV Other,Passenger,50 to 54,Minor,False,False,True,False,False,True,False,False,False,False,D43,14620
2018,2018/09/15,50,DUFFERIN ST,Major Arterial,Toronto and East York,43.666342,-79.43822,Intersection,Intersection Related,No Control,Clear,"Dark, artificial",Dry,Non-Fatal Injury,Cyclist Collisions,Driver,45 to 49,None,False,True,True,False,False,False,False,False,False,False,D11,14621
2018,2018/03/29,1221,WILSON AVE,Major Arterial,North York,43.724532,-79.491092,Intersection,Intersection Related,Traffic Signal,Rain,Daylight,Wet,Fatal,Pedestrian Collisions,Passenger,90 to 94,None,True,False,True,False,False,True,False,False,False,False,D31,14622
2018,2018/07/29,330,KEELE ST,Major Arterial,North York,43.76343,-79.491008,Intersection,At Intersection,Traffic Signal,Clear,Daylight,Dry,Non-Fatal Injury,Pedestrian Collisions,Pedestrian,15 to 19,Major,True,False,True,False,False,False,False,False,False,False,D31,14623
2018,2018/07/29,1029,144 NORSEMAN ST,Collector,Etobicoke York,43.633887,-79.520046,Mid-Block,Non Intersection,No Control,Clear,Daylight,Dry,Fatal,SMV Other,Motorcycle Driver,45 to 49,Fatal,False,False,False,True,False,False,False,False,False,False,D22,14624
2018,2018/05/19,1550,STANLEY  AVE,Local,Etobicoke York,43.615843,-79.49023,Intersection,At/Near Private Drive,No Control,Clear,Daylight,Dry,Non-Fatal Injury,Pedestrian Collisions,Passenger,20 to 24,None,True,False,True,False,False,True,False,False,False,False,D22,14625
2018,2018/03/29,1221,WILSON AVE,Major Arterial,North York,43.724532,-79.491092,Intersection,Intersection Related,Traffic Signal,Rain,Daylight,Wet,Fatal,Pedestrian Collisions,Pedestrian,75 to 79,Fatal,True,False,True,False,False,True,False,False,False,False,D31,14626
2018,2018/02/19,602,704 BRIMORTON DR,Collector,Scarborough,43.774909,-79.227756,Mid-Block,Non Intersection,No Control,Clear,"Dark, artificial",Dry,Non-Fatal Injury,SMV Other,Driver,25 to 29,Major,False,False,True,False,False,False,False,False,True,False,D43,14627
2018,2018/01/12,1901,MCCOWAN RD,Major Arterial,Scarborough,43.772071,-79.25146,Intersection,At Intersection,Traffic Signal,Freezing Rain,"Dark, artificial",Ice,Non-Fatal Injury,SMV Other,Passenger,15 to 19,Minor,False,False,True,False,False,True,False,False,False,False,D43,14628
2018,2018/07/29,2122,LAKE SHORE BLVD E,Major Arterial,North York,43.663756,-79.307765,Mid-Block,Non Intersection,No Control,Clear,Dark,Dry,Non-Fatal Injury,Pedestrian Collisions,Driver,60 to 64,None,True,False,True,False,False,True,False,False,False,False,D55,14629
2017,2017/10/21,648,EGLINTON AV W,Major Arterial,Etobicoke York,43.679232,-79.541286,Mid-Block,Non Intersection,No Control,Clear,"Dark, artificial",Dry,Non-Fatal Injury,SMV Other,Passenger,20 to 24,Major,False,False,True,False,False,True,False,False,False,False,D22,14630
2018,2018/05/19,1550,STANLEY  AVE,Local,Etobicoke York,43.615843,-79.49023,Intersection,At/Near Private Drive,No Control,Clear,Daylight,Dry,Non-Fatal Injury,Pedestrian Collisions,Pedestrian,5 to 9,Major,True,False,True,False,False,True,False,False,False,False,D22,14631
2018,2018/03/29,1221,WILSON AVE,Major Arterial,North York,43.724532,-79.491092,Intersection,Intersection Related,Traffic Signal,Rain,Daylight,Wet,Fatal,Pedestrian Collisions,Driver,50 to 54,None,True,False,True,False,False,True,False,False,False,False,D31,14632
2018,2018/02/19,617,537 FINCH AVE W,Major Arterial,North York,43.772914,-79.447597,Mid-Block,Non Intersection,No Control,Clear,"Dark, artificial",Dry,Non-Fatal Injury,Approaching,Driver,60 to 64,Minor,False,False,True,False,False,False,False,False,False,False,D32,14633
2018,2018/01/12,1901,MCCOWAN RD,Major Arterial,Scarborough,43.772071,-79.25146,Intersection,At Intersection,Traffic Signal,Freezing Rain,"Dark, artificial",Ice,Non-Fatal Injury,SMV Other,Driver,40 to 44,Major,False,False,True,False,False,True,False,False,False,False,D43,14634
2018,2018/09/15,50,DUFFERIN ST,Major Arterial,Toronto and East York,43.666342,-79.43822,Intersection,Intersection Related,No Control,Clear,"Dark, artificial",Dry,Non-Fatal Injury,Cyclist Collisions,Cyclist,45 to 49,Major,False,True,True,False,False,False,False,False,False,False,D11,14635
2018,2018/07/29,2122,LAKE SHORE BLVD E,Major Arterial,North York,43.663756,-79.307765,Mid-Block,Non Intersection,No Control,Clear,Dark,Dry,Non-Fatal Injury,Pedestrian Collisions,Passenger,50 to 54,None,True,False,True,False,False,True,False,False,False,False,D55,14636
2017,2017/10/21,648,EGLINTON AV W,Major Arterial,Etobicoke York,43.679232,-79.541286,Mid-Block,Non Intersection,No Control,Clear,"Dark, artificial",Dry,Non-Fatal Injury,SMV Other,Driver,15 to 19,None,False,False,True,False,False,True,False,False,False,False,D22,14637
2018,2018/03/29,2226,DON MILLS RD,Major Arterial,North York,43.775035,-79.347003,Intersection,At Intersection,Traffic Controller,Rain,"Daylight, artificial",Wet,Non-Fatal Injury,Pedestrian Collisions,Pedestrian,35 to 39,Major,True,False,True,False,False,False,False,False,False,False,D33,14638
2018,2018/05/20,1434,TAPSCOTT RD,Minor Arterial,Scarborough,43.811671,-79.235965,Mid-Block,Non Intersection,No Control,Clear,Daylight,Dry,Non-Fatal Injury,SMV Other,Driver,40 to 44,Major,False,False,True,False,False,False,True,False,False,False,D42,14639
2017,2017/10/21,1310,LAKE SHORE BLVD W,Major Arterial,Etobicoke York,43.593325,-79.538135,Intersection,At Intersection,Traffic Signal,Clear,Daylight,Dry,Non-Fatal Injury,Turning Movement,Passenger,70 to 74,Minimal,False,False,True,True,False,True,False,False,False,False,D22,14640
2018,2018/03/29,2226,DON MILLS RD,Major Arterial,North York,43.775035,-79.347003,Intersection,At Intersection,Traffic Controller,Rain,"Daylight, artificial",Wet,Non-Fatal Injury,Pedestrian Collisions,Driver,45 to 49,None,True,False,True,False,False,False,False,False,False,False,D33,14641
2018,2018/02/19,617,537 FINCH AVE W,Major Arterial,North York,43.772914,-79.447597,Mid-Block,Non Intersection,No Control,Clear,"Dark, artificial",Dry,Non-Fatal Injury,Approaching,Driver,45 to 49,Major,False,False,True,False,False,False,False,False,False,False,D32,14642
2018,2018/01/14,1059,THE QUEENSWAY,Major Arterial,Etobicoke York,43.629561,-79.487575,Mid-Block,Non Intersection,No Control,Clear,Daylight,Dry,Non-Fatal Injury,Approaching,Driver,25 to 29,None,False,False,True,False,False,True,False,False,False,False,D22,14643
2018,2018/09/15,50,DUFFERIN ST,Major Arterial,Toronto and East York,43.666342,-79.43822,Intersection,Intersection Related,No Control,Clear,"Dark, artificial",Dry,Non-Fatal Injury,Cyclist Collisions,Cyclist,30 to 34,Minor,False,True,True,False,False,False,False,False,False,False,D11,14644
2018,2018/07/29,2122,LAKE SHORE BLVD E,Major Arterial,North York,43.663756,-79.307765,Mid-Block,Non Intersection,No Control,Clear,Dark,Dry,Non-Fatal Injury,Pedestrian Collisions,Pedestrian,45 to 49,Major,True,False,True,False,False,True,False,False,False,False,D55,14645
2018,2018/05/20,2117,WINTERMUTE BLVD,Collector,Scarborough,43.818057,-79.322177,Intersection,At Intersection,No Control,Clear,"Dusk, artificial",Dry,Non-Fatal Injury,Pedestrian Collisions,Pedestrian,80 to 84,Minimal,True,False,True,False,False,False,False,False,False,False,D42,14646
2018,2018/05/20,2117,WINTERMUTE BLVD,Collector,Scarborough,43.818057,-79.322177,Intersection,At Intersection,No Control,Clear,"Dusk, artificial",Dry,Non-Fatal Injury,Pedestrian Collisions,Pedestrian,75 to 79,Major,True,False,True,False,False,False,False,False,False,False,D42,14647
2018,2018/04/02,1310,STEELES AVE E,Major Arterial,North York,43.798602,-79.417049,Intersection,Intersection Related,No Control,Clear,Daylight,Dry,Non-Fatal Injury,Pedestrian Collisions,Pedestrian,50 to 54,Major,True,False,True,False,False,False,False,False,False,False,D32,14648
2018,2018/01/14,1059,THE QUEENSWAY,Major Arterial,Etobicoke York,43.629561,-79.487575,Mid-Block,Non Intersection,No Control,Clear,Daylight,Dry,Non-Fatal Injury,Approaching,Driver,unknown,Major,False,False,True,False,False,True,False,False,False,False,D22,14649
2018,2018/07/30,1238,100 MCLEVIN AVE,Minor Arterial,Scarborough,43.800753,-79.236369,Mid-Block,At/Near Private Drive,No Control,Clear,Daylight,Dry,Non-Fatal Injury,Turning Movement,Driver,40 to 44,Major,False,False,True,True,False,False,False,False,False,False,D42,14650
2018,2018/09/15,240,PARKSIDE DR,Major Arterial,Toronto and East York,43.650427,-79.45827,Mid-Block,Non Intersection,No Control,Clear,Dark,Dry,Fatal,Approaching,Driver,25 to 29,None,False,False,True,True,False,True,False,False,False,False,D11,14651
2018,2018/02/19,617,537 FINCH AVE W,Major Arterial,North York,43.772914,-79.447597,Mid-Block,Non Intersection,No Control,Clear,"Dark, artificial",Dry,Non-Fatal Injury,Approaching,Driver,25 to 29,Minor,False,False,True,False,False,False,False,False,False,False,D32,14652
2017,2017/10/21,1310,LAKE SHORE BLVD W,Major Arterial,Etobicoke York,43.593325,-79.538135,Intersection,At Intersection,Traffic Signal,Clear,Daylight,Dry,Non-Fatal Injury,Turning Movement,Motorcycle Driver,25 to 29,Major,False,False,True,True,False,True,False,False,False,False,D22,14653
2018,2018/05/20,2117,WINTERMUTE BLVD,Collector,Scarborough,43.818057,-79.322177,Intersection,At Intersection,No Control,Clear,"Dusk, artificial",Dry,Non-Fatal Injury,Pedestrian Collisions,Driver,50 to 54,None,True,False,True,False,False,False,False,False,False,False,D42,14654
2018,2018/01/14,1059,THE QUEENSWAY,Major Arterial,Etobicoke York,43.629561,-79.487575,Mid-Block,Non Intersection,No Control,Clear,Daylight,Dry,Non-Fatal Injury,Approaching,Passenger,35 to 39,None,False,False,True,False,False,True,False,False,False,False,D22,14655
2018,2018/07/30,1238,100 MCLEVIN AVE,Minor Arterial,Scarborough,43.800753,-79.236369,Mid-Block,At/Near Private Drive,No Control,Clear,Daylight,Dry,Non-Fatal Injury,Turning Movement,Motorcycle Driver,35 to 39,Minor,False,False,True,True,False,False,False,False,False,False,D42,14656
2018,2018/07/30,1427,WARDEN AVE,Major Arterial,Scarborough,43.716109,-79.282733,Intersection,At Intersection,Traffic Signal,Clear,Daylight,Dry,Fatal,Pedestrian Collisions,Driver,35 to 39,None,True,False,True,False,False,False,False,False,False,False,D41,14657
2018,2018/02/20,1640,QUEEN ST E,Major Arterial,North York,43.654944,-79.367168,Intersection,At Intersection,Pedestrian Crossover,Clear,"Dusk, artificial",Wet,Non-Fatal Injury,Pedestrian Collisions,Driver,65 to 69,None,True,False,True,False,False,False,False,False,False,False,D51,14658
2017,2017/10/21,1310,LAKE SHORE BLVD W,Major Arterial,Etobicoke York,43.593325,-79.538135,Intersection,At Intersection,Traffic Signal,Clear,Daylight,Dry,Non-Fatal Injury,Turning Movement,Driver,70 to 74,Minimal,False,False,True,True,False,True,False,False,False,False,D22,14659
2018,2018/05/20,2307,WILSON AVE,Major Arterial,Etobicoke York,43.736342,-79.438586,Mid-Block,Non Intersection,No Control,Clear,"Dark, artificial",Dry,Fatal,Approaching,Driver,40 to 44,Fatal,False,False,True,False,False,True,True,False,False,False,D32,14660
2018,2018/01/14,1059,THE QUEENSWAY,Major Arterial,Etobicoke York,43.629561,-79.487575,Mid-Block,Non Intersection,No Control,Clear,Daylight,Dry,Non-Fatal Injury,Approaching,Passenger,5 to 9,Minimal,False,False,True,False,False,True,False,False,False,False,D22,14661
2018,2018/04/02,1310,STEELES AVE E,Major Arterial,North York,43.798602,-79.417049,Intersection,Intersection Related,No Control,Clear,Daylight,Dry,Non-Fatal Injury,Pedestrian Collisions,Driver,50 to 54,None,True,False,True,False,False,False,False,False,False,False,D32,14662
2018,2018/01/15,1520,23 IANHALL RD,Local,North York,43.727904,-79.488223,Mid-Block,Non Intersection,No Control,Snow,Daylight,Loose Snow,Fatal,Pedestrian Collisions,Other,unknown,None,True,False,True,False,False,False,False,False,False,False,D31,14663
2018,2018/07/30,1427,WARDEN AVE,Major Arterial,Scarborough,43.716109,-79.282733,Intersection,At Intersection,Traffic Signal,Clear,Daylight,Dry,Fatal,Pedestrian Collisions,Pedestrian,65 to 69,Fatal,True,False,True,False,False,False,False,False,False,False,D41,14664
2018,2018/02/20,1640,QUEEN ST E,Major Arterial,North York,43.654944,-79.367168,Intersection,At Intersection,Pedestrian Crossover,Clear,"Dusk, artificial",Wet,Non-Fatal Injury,Pedestrian Collisions,Pedestrian,25 to 29,Major,True,False,True,False,False,False,False,False,False,False,D51,14665
2017,2017/10/21,2200,45 CUMMER  AVE,Minor Arterial,North York,43.787329,-79.415561,Mid-Block,Non Intersection,No Control,Clear,"Dark, artificial",Dry,Non-Fatal Injury,Cyclist Collisions,Cyclist,30 to 34,Major,False,True,True,False,False,False,False,False,False,False,D32,14666
2018,2018/05/20,2307,WILSON AVE,Major Arterial,Etobicoke York,43.736342,-79.438586,Mid-Block,Non Intersection,No Control,Clear,"Dark, artificial",Dry,Fatal,Approaching,Driver,40 to 44,Minor,False,False,True,False,False,True,True,False,False,False,D32,14667
2018,2018/04/03,2220,FLEET ST,Major Arterial,Toronto and East York,43.63613,-79.400409,Mid-Block,Non Intersection,No Control,Rain,"Dark, artificial",Wet,Non-Fatal Injury,Pedestrian Collisions,Pedestrian,40 to 44,Major,True,False,False,False,False,False,False,False,False,False,D14,14668
2018,2018/04/03,2220,FLEET ST,Major Arterial,Toronto and East York,43.63613,-79.400409,Mid-Block,Non Intersection,No Control,Rain,"Dark, artificial",Wet,Non-Fatal Injury,Pedestrian Collisions,Driver,20 to 24,None,True,False,False,False,False,False,False,False,False,False,D14,14669
2018,2018/07/30,1755,STEELES AVE W,Major Arterial,North York,43.797373,-79.422603,Mid-Block,Non Intersection,No Control,Clear,Daylight,Dry,Non-Fatal Injury,Pedestrian Collisions,Driver,40 to 44,None,True,False,True,False,False,True,False,False,False,False,D32,14670
2018,2018/02/20,1645,BATHURST ST,Major Arterial,North York,43.765391,-79.440891,Intersection,At Intersection,Traffic Signal,Rain,Daylight,Wet,Fatal,Pedestrian Collisions,Pedestrian,65 to 69,Fatal,True,False,False,False,True,False,False,False,False,False,D32,14671
2017,2017/10/21,2200,45 CUMMER  AVE,Minor Arterial,North York,43.787329,-79.415561,Mid-Block,Non Intersection,No Control,Clear,"Dark, artificial",Dry,Non-Fatal Injury,Cyclist Collisions,Driver,unknown,None,False,True,True,False,False,False,False,False,False,False,D32,14672
2018,2018/05/20,2307,WILSON AVE,Major Arterial,Etobicoke York,43.736342,-79.438586,Mid-Block,Non Intersection,No Control,Clear,"Dark, artificial",Dry,Fatal,Approaching,Passenger,35 to 39,Major,False,False,True,False,False,True,True,False,False,False,D32,14673
2018,2018/09/15,240,PARKSIDE DR,Major Arterial,Toronto and East York,43.650427,-79.45827,Mid-Block,Non Intersection,No Control,Clear,Dark,Dry,Fatal,Approaching,Motorcycle Driver,45 to 49,Fatal,False,False,True,True,False,True,False,False,False,False,D11,14674
2018,2018/01/15,1520,23 IANHALL RD,Local,North York,43.727904,-79.488223,Mid-Block,Non Intersection,No Control,Snow,Daylight,Loose Snow,Fatal,Pedestrian Collisions,Pedestrian,40 to 44,Minimal,True,False,True,False,False,False,False,False,False,False,D31,14675
2018,2018/07/30,1755,STEELES AVE W,Major Arterial,North York,43.797373,-79.422603,Mid-Block,Non Intersection,No Control,Clear,Daylight,Dry,Non-Fatal Injury,Pedestrian Collisions,Pedestrian,45 to 49,Major,True,False,True,False,False,True,False,False,False,False,D32,14676
2017,2017/10/22,14,MARKHAM  RD,Major Arterial,Scarborough,43.77117,-79.229785,Intersection,At Intersection,Traffic Signal,Clear,"Dusk, artificial",Dry,Non-Fatal Injury,Pedestrian Collisions,Pedestrian,35 to 39,Major,True,False,True,False,False,False,False,False,False,False,D43,14677
2018,2018/02/20,1645,BATHURST ST,Major Arterial,North York,43.765391,-79.440891,Intersection,At Intersection,Traffic Signal,Rain,Daylight,Wet,Fatal,Pedestrian Collisions,Truck Driver,20 to 24,None,True,False,False,False,True,False,False,False,False,False,D32,14678
2018,2018/05/20,2307,WILSON AVE,Major Arterial,Etobicoke York,43.736342,-79.438586,Mid-Block,Non Intersection,No Control,Clear,"Dark, artificial",Dry,Fatal,Approaching,Passenger,10 to 14,Major,False,False,True,False,False,True,True,False,False,False,D32,14679
2018,2018/05/20,2307,WILSON AVE,Major Arterial,Etobicoke York,43.736342,-79.438586,Mid-Block,Non Intersection,No Control,Clear,"Dark, artificial",Dry,Fatal,Approaching,Passenger,10 to 14,Major,False,False,True,False,False,True,True,False,False,False,D32,14680
2018,2018/01/15,1520,23 IANHALL RD,Local,North York,43.727904,-79.488223,Mid-Block,Non Intersection,No Control,Snow,Daylight,Loose Snow,Fatal,Pedestrian Collisions,Pedestrian,5 to 9,Fatal,True,False,True,False,False,False,False,False,False,False,D31,14681
2018,2018/07/30,1755,STEELES AVE W,Major Arterial,North York,43.797373,-79.422603,Mid-Block,Non Intersection,No Control,Clear,Daylight,Dry,Non-Fatal Injury,Pedestrian Collisions,Passenger,40 to 44,None,True,False,True,False,False,True,False,False,False,False,D32,14682
2017,2017/10/22,14,MARKHAM  RD,Major Arterial,Scarborough,43.77117,-79.229785,Intersection,At Intersection,Traffic Signal,Clear,"Dusk, artificial",Dry,Non-Fatal Injury,Pedestrian Collisions,Driver,35 to 39,None,True,False,True,False,False,False,False,False,False,False,D43,14683
2018,2018/02/21,1838,37 WILLIAM KITCHEN RD,Collector,Scarborough,43.773322,-79.282741,Mid-Block,Non Intersection,No Control,Clear,"Dark, artificial",Dry,Fatal,Pedestrian Collisions,Pedestrian,40 to 44,Fatal,True,False,False,False,True,False,False,False,False,False,D41,14684
2018,2018/04/04,1630,BATHURST ST,Major Arterial,North York,43.782679,-79.445216,Mid-Block,Non Intersection,No Control,Clear,Daylight,Dry,Non-Fatal Injury,SMV Other,Motorcycle Driver,30 to 34,Major,False,False,False,True,False,False,False,False,False,False,D32,14685
2018,2018/05/21,2020,STEELES AVE W,Major Arterial,North York,43.755068,-79.61552,Mid-Block,Non Intersection,No Control,Clear,"Dark, artificial",Dry,Non-Fatal Injury,Rear End,Passenger,20 to 24,Minor,False,False,True,False,False,True,True,False,False,False,D23,14686
2018,2018/09/15,240,PARKSIDE DR,Major Arterial,Toronto and East York,43.650427,-79.45827,Mid-Block,Non Intersection,No Control,Clear,Dark,Dry,Fatal,Approaching,Passenger,unknown,Major,False,False,True,True,False,True,False,False,False,False,D11,14687
2018,2018/01/15,1623,YONGE ST,Major Arterial,Toronto and East York,43.648451,-79.377605,Intersection,Intersection Related,No Control,Snow,Daylight,Loose Snow,Non-Fatal Injury,Pedestrian Collisions,Pedestrian,45 to 49,Major,True,False,True,False,False,False,False,False,False,False,D51,14688
2018,2018/07/31,150,WESTON RD,Minor Arterial,Etobicoke York,43.697928,-79.510379,Mid-Block,At/Near Private Drive,No Control,Clear,"Dark, artificial",Dry,Non-Fatal Injury,SMV Unattended Vehicle,Motorcycle Driver,25 to 29,Major,False,False,False,True,False,False,True,False,False,False,D12,14689
2018,2018/02/21,1838,37 WILLIAM KITCHEN RD,Collector,Scarborough,43.773322,-79.282741,Mid-Block,Non Intersection,No Control,Clear,"Dark, artificial",Dry,Fatal,Pedestrian Collisions,Truck Driver,30 to 34,None,True,False,False,False,True,False,False,False,False,False,D41,14690
2018,2018/04/08,2030,FINCH AVE W,Major Arterial,Etobicoke York,43.753218,-79.53622,Intersection,At Intersection,Traffic Signal,Clear,"Dark, artificial",Dry,Non-Fatal Injury,Rear End,Passenger,10 to 14,Major,False,False,True,False,False,True,False,False,False,False,D31,14691
2018,2018/04/08,2030,FINCH AVE W,Major Arterial,Etobicoke York,43.753218,-79.53622,Intersection,At Intersection,Traffic Signal,Clear,"Dark, artificial",Dry,Non-Fatal Injury,Rear End,Passenger,45 to 49,Minor,False,False,True,False,False,True,False,False,False,False,D31,14692
2018,2018/09/15,940,555 ST CLAIR AVE W,Major Arterial,Toronto and East York,43.682524,-79.421001,Mid-Block,Non Intersection,No Control,Rain,Daylight,Wet,Non-Fatal Injury,Pedestrian Collisions,Driver,75 to 79,None,True,False,True,False,False,False,False,False,False,False,D13,14693
2018,2018/01/15,1623,YONGE ST,Major Arterial,Toronto and East York,43.648451,-79.377605,Intersection,Intersection Related,No Control,Snow,Daylight,Loose Snow,Non-Fatal Injury,Pedestrian Collisions,Driver,45 to 49,None,True,False,True,False,False,False,False,False,False,False,D51,14694
2018,2018/07/31,150,WESTON RD,Minor Arterial,Etobicoke York,43.697928,-79.510379,Mid-Block,At/Near Private Drive,No Control,Clear,"Dark, artificial",Dry,Non-Fatal Injury,SMV Unattended Vehicle,Other,unknown,None,False,False,False,True,False,False,True,False,False,False,D12,14695
2018,2018/02/22,1430,AVENUE RD,Major Arterial,North York,43.711116,-79.411449,Intersection,At Intersection,Stop Sign,Clear,Daylight,Dry,Non-Fatal Injury,Angle,Driver,60 to 64,None,False,False,True,False,False,True,False,False,False,False,D53,14696
2017,2017/10/22,1350,AVENUE  RD,Major Arterial,North York,43.725348,-79.41685,Intersection,Intersection Related,No Control,Clear,Daylight,Dry,Non-Fatal Injury,Sideswipe,Motorcycle Driver,55 to 59,Major,False,False,True,True,False,False,False,False,False,False,D32,14697
2018,2018/04/08,2030,FINCH AVE W,Major Arterial,Etobicoke York,43.753218,-79.53622,Intersection,At Intersection,Traffic Signal,Clear,"Dark, artificial",Dry,Non-Fatal Injury,Rear End,Passenger,40 to 44,Minor,False,False,True,False,False,True,False,False,False,False,D31,14698
2018,2018/05/21,2020,STEELES AVE W,Major Arterial,North York,43.755068,-79.61552,Mid-Block,Non Intersection,No Control,Clear,"Dark, artificial",Dry,Non-Fatal Injury,Rear End,Passenger,20 to 24,Minor,False,False,True,False,False,True,True,False,False,False,D23,14699
2018,2018/09/15,940,555 ST CLAIR AVE W,Major Arterial,Toronto and East York,43.682524,-79.421001,Mid-Block,Non Intersection,No Control,Rain,Daylight,Wet,Non-Fatal Injury,Pedestrian Collisions,Pedestrian,75 to 79,Major,True,False,True,False,False,False,False,False,False,False,D13,14700
2018,2018/01/19,1800,FINCH AVE E,Major Arterial,North York,43.780986,-79.409679,Intersection,At Intersection,Stop Sign,Clear,"Dark, artificial",Dry,Non-Fatal Injury,Angle,Driver,85 to 89,None,False,False,True,False,False,True,False,False,False,False,D32,14701