YEAR,DATE,TIME,STREET1,ROAD_CLASS,DISTRICT,LATITUDE,LONGITUDE,LOCCOORD,ACCLOC,TRAFFCTL,VISIBILITY,LIGHT,RDSFCOND,ACCLASS,IMPACTYPE,INVTYPE,INVAGE,INJURY,PEDESTRIAN,CYCLIST,AUTOMOBILE,MOTORCYCLE,TRUCK,PASSENGER,SPEEDING,REDLIGHT,ALCOHOL,DISABILITY,DIVISION,Record_ID
2018,2018/09/16,1329,DUNDAS ST W,Major Arterial,Etobicoke York,43.665461,-79.476634,Mid-Block,Non Intersection,No Control,Clear,Daylight,Dry,Non-Fatal Injury,Pedestrian Collisions,Pedestrian,5 to 9,Major,True,False,False,False,False,False,False,False,False,False,D11,14800
2018,2018/04/13,1918,THE WESTWAY,Major Arterial,Etobicoke York,43.685553,-79.55466,Intersection,At Intersection,Traffic Signal,Rain,"Dark, artificial",Wet,Non-Fatal Injury,Cyclist Collisions,Driver,50 to 54,None,False,True,True,False,False,False,False,False,False,False,D23,14801
2018,2018/08/06,1207,QUEEN ST W,Major Arterial,Toronto and East York,43.640952,-79.434474,Intersection,At Intersection,Traffic Signal,Clear,Daylight,Dry,Non-Fatal Injury,Pedestrian Collisions,Pedestrian,65 to 69,Major,True,False,False,False,True,True,False,False,False,False,D14,14802
2018,2018/05/27,1010,BENSON AVE,Minor Arterial,Toronto and East York,43.680037,-79.425021,Intersection,Intersection Related,No Control,Clear,Daylight,Dry,Non-Fatal Injury,Pedestrian Collisions,Driver,55 to 59,None,True,False,True,False,False,False,False,False,False,False,D13,14803
2018,2018/02/27,1530,CANONGATE TRL,Collector,Scarborough,43.818522,-79.306857,Intersection,At Intersection,No Control,Clear,Daylight,Dry,Fatal,Pedestrian Collisions,Pedestrian,10 to 14,Fatal,True,False,True,False,False,False,False,False,False,False,D42,14804
2018,2018/01/22,2316,483 DUNDAS ST W,Major Arterial,Toronto and East York,43.652999,-79.397411,Mid-Block,Non Intersection,No Control,Rain,"Dark, artificial",Wet,Non-Fatal Injury,Pedestrian Collisions,Driver,40 to 44,None,True,False,True,False,False,False,False,False,False,False,D52,14805
2018,2018/09/17,1001,STEELES AVE W,Major Arterial,North York,43.781508,-79.494464,Intersection,At Intersection,Traffic Signal,Clear,Daylight,Dry,Non-Fatal Injury,Cyclist Collisions,Truck Driver,55 to 59,None,False,True,False,False,True,False,False,False,False,False,D31,14806
2018,2018/02/27,1530,CANONGATE TRL,Collector,Scarborough,43.818522,-79.306857,Intersection,At Intersection,No Control,Clear,Daylight,Dry,Fatal,Pedestrian Collisions,Driver,75 to 79,None,True,False,True,False,False,False,False,False,False,False,D42,14807
2018,2018/04/13,1918,THE WESTWAY,Major Arterial,Etobicoke York,43.685553,-79.55466,Intersection,At Intersection,Traffic Signal,Rain,"Dark, artificial",Wet,Non-Fatal Injury,Cyclist Collisions,Cyclist,20 to 24,Major,False,True,True,False,False,False,False,False,False,False,D23,14808
2018,2018/08/07,900,DOVERCOURT RD,Major Arterial,Toronto and East York,43.661078,-79.429393,Intersection,At Intersection,Traffic Signal,Clear,Daylight,Dry,Non-Fatal Injury,Turning Movement,Driver,50 to 54,Minor,False,False,True,True,False,False,False,False,False,False,D14,14809
2017,2017/11/01,1903,KEELE ST,Major Arterial,North York,43.725939,-79.481868,Mid-Block,Non Intersection,Traffic Controller,Clear,"Daylight, artificial",Wet,Non-Fatal Injury,Pedestrian Collisions,Pedestrian,45 to 49,Major,True,False,True,False,False,False,False,False,False,False,D31,14810
2018,2018/05/27,1010,BENSON AVE,Minor Arterial,Toronto and East York,43.680037,-79.425021,Intersection,Intersection Related,No Control,Clear,Daylight,Dry,Non-Fatal Injury,Pedestrian Collisions,Pedestrian,85 to 89,Major,True,False,True,False,False,False,False,False,False,False,D13,14811
2018,2018/01/24,725,QUEEN ST W,Major Arterial,Toronto and East York,43.645922,-79.409908,Intersection,At Intersection,Traffic Signal,Clear,Daylight,Dry,Non-Fatal Injury,Pedestrian Collisions,Pedestrian,25 to 29,Major,True,False,True,False,False,False,False,False,False,False,D14,14812
2018,2018/09/17,1001,STEELES AVE W,Major Arterial,North York,43.781508,-79.494464,Intersection,At Intersection,Traffic Signal,Clear,Daylight,Dry,Non-Fatal Injury,Cyclist Collisions,Cyclist,15 to 19,Major,False,True,False,False,True,False,False,False,False,False,D31,14813
2017,2017/11/01,1903,KEELE ST,Major Arterial,North York,43.725939,-79.481868,Mid-Block,Non Intersection,Traffic Controller,Clear,"Daylight, artificial",Wet,Non-Fatal Injury,Pedestrian Collisions,Driver,30 to 34,None,True,False,True,False,False,False,False,False,False,False,D31,14814
2018,2018/02/27,1530,CANONGATE TRL,Collector,Scarborough,43.818522,-79.306857,Intersection,At Intersection,No Control,Clear,Daylight,Dry,Fatal,Pedestrian Collisions,Driver,75 to 79,None,True,False,True,False,False,False,False,False,False,False,D42,14815
2018,2018/08/07,900,DOVERCOURT RD,Major Arterial,Toronto and East York,43.661078,-79.429393,Intersection,At Intersection,Traffic Signal,Clear,Daylight,Dry,Non-Fatal Injury,Turning Movement,Motorcycle Driver,45 to 49,Major,False,False,True,True,False,False,False,False,False,False,D14,14816
2018,2018/01/24,725,QUEEN ST W,Major Arterial,Toronto and East York,43.645922,-79.409908,Intersection,At Intersection,Traffic Signal,Clear,Daylight,Dry,Non-Fatal Injury,Pedestrian Collisions,Driver,45 to 49,None,True,False,True,False,False,False,False,False,False,False,D14,14817
2018,2018/05/27,1700,YONGE ST,Major Arterial,Toronto and East York,43.667491,-79.385654,Intersection,At Intersection,No Control,Clear,Daylight,Dry,Non-Fatal Injury,Turning Movement,Driver,50 to 54,None,False,False,True,True,False,False,False,False,False,False,D51,14818
2018,2018/09/17,1204,BAY ST,Major Arterial,Toronto and East York,43.647261,-79.379688,Intersection,At Intersection,Traffic Signal,Clear,Daylight,Dry,Non-Fatal Injury,Cyclist Collisions,Driver,55 to 59,None,False,True,False,False,False,False,False,False,False,False,D52,14819
2017,2017/11/02,840,161 THE WEST MALL,Minor Arterial,Etobicoke York,43.621218,-79.560214,Mid-Block,Non Intersection,No Control,Other,Daylight,Other,Fatal,Approaching,Driver,35 to 39,Minor,False,False,True,False,False,False,True,False,False,False,D22,14820
2018,2018/08/08,244,QUEEN ST W,Major Arterial,Toronto and East York,43.645774,-79.410747,Intersection,Intersection Related,No Control,Rain,"Dark, artificial",Wet,Non-Fatal Injury,Pedestrian Collisions,Driver,45 to 49,None,True,False,False,False,False,True,False,False,False,False,D14,14821
2018,2018/01/24,1150,WARDEN AVE,Major Arterial,Scarborough,43.81428,-79.324542,Mid-Block,Non Intersection,Traffic Signal,Clear,Daylight,Dry,Fatal,Pedestrian Collisions,Pedestrian,60 to 64,Fatal,True,False,True,False,False,False,False,True,False,False,D42,14822
2018,2018/05/27,1700,YONGE ST,Major Arterial,Toronto and East York,43.667491,-79.385654,Intersection,At Intersection,No Control,Clear,Daylight,Dry,Non-Fatal Injury,Turning Movement,Motorcycle Driver,30 to 34,Major,False,False,True,True,False,False,False,False,False,False,D51,14823
2018,2018/09/17,1204,BAY ST,Major Arterial,Toronto and East York,43.647261,-79.379688,Intersection,At Intersection,Traffic Signal,Clear,Daylight,Dry,Non-Fatal Injury,Cyclist Collisions,Cyclist,30 to 34,Major,False,True,False,False,False,False,False,False,False,False,D52,14824
2017,2017/11/02,840,161 THE WEST MALL,Minor Arterial,Etobicoke York,43.621218,-79.560214,Mid-Block,Non Intersection,No Control,Other,Daylight,Other,Fatal,Approaching,Driver,35 to 39,Fatal,False,False,True,False,False,False,True,False,False,False,D22,14825
2018,2018/08/08,244,QUEEN ST W,Major Arterial,Toronto and East York,43.645774,-79.410747,Intersection,Intersection Related,No Control,Rain,"Dark, artificial",Wet,Non-Fatal Injury,Pedestrian Collisions,Passenger,50 to 54,None,True,False,False,False,False,True,False,False,False,False,D14,14826
2018,2018/04/21,1,HIGHWAY 2A  E,Expressway,Scarborough,43.785132,-79.164089,Mid-Block,Non Intersection,No Control,Clear,Dark,Dry,Non-Fatal Injury,Rear End,Passenger,50 to 54,None,False,False,True,False,False,True,True,False,False,False,D43,14827
2018,2018/01/24,1150,WARDEN AVE,Major Arterial,Scarborough,43.81428,-79.324542,Mid-Block,Non Intersection,Traffic Signal,Clear,Daylight,Dry,Fatal,Pedestrian Collisions,Driver,55 to 59,None,True,False,True,False,False,False,False,True,False,False,D42,14828
2018,2018/02/27,2128,ALBION RD,Major Arterial,Etobicoke York,43.745268,-79.613452,Mid-Block,Non Intersection,No Control,Clear,"Dark, artificial",Dry,Non-Fatal Injury,Rear End,Driver,55 to 59,Minor,False,False,True,False,False,False,False,False,True,False,D23,14829
2018,2018/05/27,1907,STAINES RD,Local,Scarborough,43.834822,-79.229938,Intersection,At Intersection,Stop Sign,Clear,Daylight,Dry,Non-Fatal Injury,Pedestrian Collisions,Driver,20 to 24,None,True,False,True,False,False,False,False,False,False,False,D42,14830
2018,2018/09/18,1850,KEELE ST,Major Arterial,Etobicoke York,43.683169,-79.472026,Intersection,At Intersection,No Control,Clear,Daylight,Dry,Fatal,Turning Movement,Motorcycle Driver,40 to 44,Fatal,False,False,True,True,False,False,True,False,False,False,D12,14831
2018,2018/09/18,1850,KEELE ST,Major Arterial,Etobicoke York,43.683169,-79.472026,Intersection,At Intersection,No Control,Clear,Daylight,Dry,Fatal,Turning Movement,Driver,50 to 54,None,False,False,True,True,False,False,True,False,False,False,D12,14832
2018,2018/08/08,244,QUEEN ST W,Major Arterial,Toronto and East York,43.645774,-79.410747,Intersection,Intersection Related,No Control,Rain,"Dark, artificial",Wet,Non-Fatal Injury,Pedestrian Collisions,Passenger,45 to 49,None,True,False,False,False,False,True,False,False,False,False,D14,14833
2018,2018/04/21,1,HIGHWAY 2A  E,Expressway,Scarborough,43.785132,-79.164089,Mid-Block,Non Intersection,No Control,Clear,Dark,Dry,Non-Fatal Injury,Rear End,Passenger,60 to 64,Minimal,False,False,True,False,False,True,True,False,False,False,D43,14834
2018,2018/01/26,1430,QUEENS QUAY W,Minor Arterial,Toronto and East York,43.639701,-79.381091,Mid-Block,Non Intersection,No Control,Clear,Daylight,Dry,Non-Fatal Injury,Pedestrian Collisions,Pedestrian,20 to 24,Major,True,False,False,False,False,False,False,False,False,False,D52,14835
2018,2018/02/27,2128,ALBION RD,Major Arterial,Etobicoke York,43.745268,-79.613452,Mid-Block,Non Intersection,No Control,Clear,"Dark, artificial",Dry,Non-Fatal Injury,Rear End,Driver,30 to 34,Major,False,False,True,False,False,False,False,False,True,False,D23,14836
2018,2018/05/27,1907,STAINES RD,Local,Scarborough,43.834822,-79.229938,Intersection,At Intersection,Stop Sign,Clear,Daylight,Dry,Non-Fatal Injury,Pedestrian Collisions,Pedestrian,65 to 69,Major,True,False,True,False,False,False,False,False,False,False,D42,14837
2018,2018/01/26,1430,QUEENS QUAY W,Minor Arterial,Toronto and East York,43.639701,-79.381091,Mid-Block,Non Intersection,No Control,Clear,Daylight,Dry,Non-Fatal Injury,Pedestrian Collisions,Driver,40 to 44,None,True,False,False,False,False,False,False,False,False,False,D52,14838
2017,2017/11/02,1047,DUFFERIN ST,Minor Arterial,Toronto and East York,43.644625,-79.429508,Intersection,At Intersection,No Control,Clear,Daylight,Wet,Non-Fatal Injury,Pedestrian Collisions,Pedestrian,60 to 64,Major,True,False,False,False,True,False,False,False,False,False,D14,14839
2018,2018/02/28,2117,FINCH AVE W,Major Arterial,Etobicoke York,43.734969,-79.617831,Intersection,At Intersection,Traffic Signal,Clear,"Dusk, artificial",Dry,Non-Fatal Injury,Pedestrian Collisions,Passenger,0 to 4,None,True,False,True,False,False,True,False,False,False,False,D23,14840
2018,2018/04/21,1,HIGHWAY 2A  E,Expressway,Scarborough,43.785132,-79.164089,Mid-Block,Non Intersection,No Control,Clear,Dark,Dry,Non-Fatal Injury,Rear End,Passenger,60 to 64,None,False,False,True,False,False,True,True,False,False,False,D43,14841
2018,2018/08/08,244,QUEEN ST W,Major Arterial,Toronto and East York,43.645774,-79.410747,Intersection,Intersection Related,No Control,Rain,"Dark, artificial",Wet,Non-Fatal Injury,Pedestrian Collisions,Pedestrian,30 to 34,Major,True,False,False,False,False,True,False,False,False,False,D14,14842
2018,2018/09/19,1242,F G GARDINER XY  E,Expressway,Toronto and East York,43.645251,-79.3717,Mid-Block,Non Intersection,No Control,Clear,Daylight,Dry,Non-Fatal Injury,SMV Other,Motorcycle Driver,25 to 29,Major,False,False,False,True,False,False,True,False,True,False,D51,14843
2018,2018/05/29,934,STEELES AVE E,Major Arterial,Scarborough,43.823569,-79.307048,Intersection,Intersection Related,No Control,Clear,Daylight,Dry,Fatal,Other,Passenger,80 to 84,Fatal,False,False,False,False,False,True,False,False,False,False,D42,14844
2018,2018/01/26,2055,TAPSCOTT RD,Minor Arterial,Scarborough,43.804679,-79.22578,Mid-Block,Non Intersection,No Control,Clear,"Dark, artificial",Dry,Non-Fatal Injury,Approaching,Driver,35 to 39,Major,False,False,True,False,False,True,True,False,True,False,D42,14845
2017,2017/11/02,1047,DUFFERIN ST,Minor Arterial,Toronto and East York,43.644625,-79.429508,Intersection,At Intersection,No Control,Clear,Daylight,Wet,Non-Fatal Injury,Pedestrian Collisions,Truck Driver,55 to 59,None,True,False,False,False,True,False,False,False,False,False,D14,14846
2018,2018/02/28,2117,FINCH AVE W,Major Arterial,Etobicoke York,43.734969,-79.617831,Intersection,At Intersection,Traffic Signal,Clear,"Dusk, artificial",Dry,Non-Fatal Injury,Pedestrian Collisions,Passenger,20 to 24,None,True,False,True,False,False,True,False,False,False,False,D23,14847
2018,2018/08/09,50,HIGHWAY 2A  W,Expressway,Scarborough,43.784983,-79.164645,Mid-Block,Non Intersection,No Control,Clear,Dark,Dry,Fatal,Pedestrian Collisions,Driver,55 to 59,None,True,False,True,False,False,False,False,False,False,False,D43,14848
2018,2018/09/20,1600,DUFFERIN ST,Major Arterial,North York,43.700686,-79.451724,Intersection,At Intersection,Traffic Signal,Clear,Daylight,Dry,Fatal,Pedestrian Collisions,Pedestrian,90 to 94,Fatal,True,False,True,False,False,False,False,False,False,False,D13,14849
2018,2018/01/26,2055,TAPSCOTT RD,Minor Arterial,Scarborough,43.804679,-79.22578,Mid-Block,Non Intersection,No Control,Clear,"Dark, artificial",Dry,Non-Fatal Injury,Approaching,Driver,35 to 39,Minor,False,False,True,False,False,True,True,False,True,False,D42,14850
2018,2018/02/28,2117,FINCH AVE W,Major Arterial,Etobicoke York,43.734969,-79.617831,Intersection,At Intersection,Traffic Signal,Clear,"Dusk, artificial",Dry,Non-Fatal Injury,Pedestrian Collisions,Pedestrian,20 to 24,Major,True,False,True,False,False,True,False,False,False,False,D23,14851
2017,2017/11/02,1100,SCARLETT RD,Major Arterial,Toronto and East York,43.665454,-79.499164,Intersection,At Intersection,Yield Sign,Clear,Daylight,Wet,Non-Fatal Injury,Rear End,Driver,50 to 54,None,False,False,True,False,False,False,False,False,False,False,D11,14852
2018,2018/04/21,1,HIGHWAY 2A  E,Expressway,Scarborough,43.785132,-79.164089,Mid-Block,Non Intersection,No Control,Clear,Dark,Dry,Non-Fatal Injury,Rear End,Passenger,70 to 74,Major,False,False,True,False,False,True,True,False,False,False,D43,14853
2018,2018/05/29,934,STEELES AVE E,Major Arterial,Scarborough,43.823569,-79.307048,Intersection,Intersection Related,No Control,Clear,Daylight,Dry,Fatal,Other,Driver,45 to 49,None,False,False,False,False,False,True,False,False,False,False,D42,14854
2018,2018/08/09,50,HIGHWAY 2A  W,Expressway,Scarborough,43.784983,-79.164645,Mid-Block,Non Intersection,No Control,Clear,Dark,Dry,Fatal,Pedestrian Collisions,Driver,20 to 24,None,True,False,True,False,False,False,False,False,False,False,D43,14855
2018,2018/09/20,1600,DUFFERIN ST,Major Arterial,North York,43.700686,-79.451724,Intersection,At Intersection,Traffic Signal,Clear,Daylight,Dry,Fatal,Pedestrian Collisions,Driver,55 to 59,None,True,False,True,False,False,False,False,False,False,False,D13,14856
2018,2018/01/26,2055,TAPSCOTT RD,Minor Arterial,Scarborough,43.804679,-79.22578,Mid-Block,Non Intersection,No Control,Clear,"Dark, artificial",Dry,Non-Fatal Injury,Approaching,Passenger,55 to 59,Minimal,False,False,True,False,False,True,True,False,True,False,D42,14857
2017,2017/11/02,1100,SCARLETT RD,Major Arterial,Toronto and East York,43.665454,-79.499164,Intersection,At Intersection,Yield Sign,Clear,Daylight,Wet,Non-Fatal Injury,Rear End,Driver,30 to 34,Major,False,False,True,False,False,False,False,False,False,False,D11,14858
2018,2018/04/21,1,HIGHWAY 2A  E,Expressway,Scarborough,43.785132,-79.164089,Mid-Block,Non Intersection,No Control,Clear,Dark,Dry,Non-Fatal Injury,Rear End,Driver,70 to 74,None,False,False,True,False,False,True,True,False,False,False,D43,14859
2018,2018/05/29,1700,QUEENS QUAY E,Minor Arterial,Toronto and East York,43.645056,-79.365421,Intersection,At Intersection,Traffic Signal,Clear,Daylight,Dry,Non-Fatal Injury,Cyclist Collisions,Driver,35 to 39,None,False,True,True,False,False,False,False,False,False,False,D51,14860
2018,2018/08/09,50,HIGHWAY 2A  W,Expressway,Scarborough,43.784983,-79.164645,Mid-Block,Non Intersection,No Control,Clear,Dark,Dry,Fatal,Pedestrian Collisions,Pedestrian,25 to 29,Fatal,True,False,True,False,False,False,False,False,False,False,D43,14861
2018,2018/01/27,116,EGLINTON AVE E,Major Arterial,North York,43.72465,-79.302608,Intersection,At Intersection,Traffic Signal,Clear,"Dark, artificial",Dry,Non-Fatal Injury,Turning Movement,Truck Driver,45 to 49,None,False,False,True,False,True,False,False,False,False,False,D41,14862
2018,2018/09/21,1600,NUTHATCH LANE,Laneway,Toronto and East York,43.663325,-79.369693,Intersection,Intersection Related,No Control,Clear,Daylight,Dry,Fatal,Pedestrian Collisions,Driver,35 to 39,None,True,False,True,False,False,False,False,False,False,False,D51,14863
2018,2018/02/28,2117,FINCH AVE W,Major Arterial,Etobicoke York,43.734969,-79.617831,Intersection,At Intersection,Traffic Signal,Clear,"Dusk, artificial",Dry,Non-Fatal Injury,Pedestrian Collisions,Driver,60 to 64,None,True,False,True,False,False,True,False,False,False,False,D23,14864
2018,2018/05/29,1700,QUEENS QUAY E,Minor Arterial,Toronto and East York,43.645056,-79.365421,Intersection,At Intersection,Traffic Signal,Clear,Daylight,Dry,Non-Fatal Injury,Cyclist Collisions,Cyclist,25 to 29,Major,False,True,True,False,False,False,False,False,False,False,D51,14865
2017,2017/11/02,2215,1172 QUEEN ST W,Major Arterial,Toronto and East York,43.642802,-79.425449,Mid-Block,Non Intersection,No Control,Rain,Dark,Wet,Non-Fatal Injury,Pedestrian Collisions,Pedestrian,30 to 34,Major,True,False,False,False,False,False,False,False,False,False,D14,14866
2018,2018/01/27,116,EGLINTON AVE E,Major Arterial,North York,43.72465,-79.302608,Intersection,At Intersection,Traffic Signal,Clear,"Dark, artificial",Dry,Non-Fatal Injury,Turning Movement,Driver,50 to 54,Major,False,False,True,False,True,False,False,False,False,False,D41,14867
2018,2018/08/09,1415,REXDALE BLVD,Major Arterial,Etobicoke York,43.713248,-79.559642,Intersection,At Intersection,Traffic Signal,Clear,Daylight,Dry,Non-Fatal Injury,Turning Movement,Driver,30 to 34,None,False,False,True,False,False,False,False,False,False,False,D23,14868
2018,2018/09/21,1600,NUTHATCH LANE,Laneway,Toronto and East York,43.663325,-79.369693,Intersection,Intersection Related,No Control,Clear,Daylight,Dry,Fatal,Pedestrian Collisions,Pedestrian,55 to 59,Fatal,True,False,True,False,False,False,False,False,False,False,D51,14869
2018,2018/03/02,649,DON VALLEY PARKWAY  S,Expressway,North York,43.737506,-79.332217,Mid-Block,Non Intersection,No Control,Clear,Daylight,Wet,Non-Fatal Injury,Rear End,Passenger,50 to 54,None,False,False,True,False,False,True,False,False,False,False,D33,14870
2018,2018/05/30,329,MARTIN GROVE RD,Major Arterial,Etobicoke York,43.705172,-79.577121,Intersection,At Intersection,Traffic Signal,Other,Dark,Other,Fatal,Turning Movement,Truck Driver,50 to 54,None,False,False,False,True,True,False,True,False,False,False,D23,14871
2017,2017/11/02,2215,1172 QUEEN ST W,Major Arterial,Toronto and East York,43.642802,-79.425449,Mid-Block,Non Intersection,No Control,Rain,Dark,Wet,Non-Fatal Injury,Pedestrian Collisions,Driver,50 to 54,None,True,False,False,False,False,False,False,False,False,False,D14,14872
2018,2018/01/28,140,BATHURST ST,Major Arterial,Toronto and East York,43.703265,-79.425868,Intersection,At Intersection,Traffic Signal,Clear,"Dark, artificial",Dry,Non-Fatal Injury,Pedestrian Collisions,Pedestrian,50 to 54,Major,True,False,True,False,False,False,False,False,False,False,D53,14873
2018,2018/01/28,140,BATHURST ST,Major Arterial,Toronto and East York,43.703265,-79.425868,Intersection,At Intersection,Traffic Signal,Clear,"Dark, artificial",Dry,Non-Fatal Injury,Pedestrian Collisions,Driver,40 to 44,None,True,False,True,False,False,False,False,False,False,False,D53,14874
2018,2018/04/21,1,HIGHWAY 2A  E,Expressway,Scarborough,43.785132,-79.164089,Mid-Block,Non Intersection,No Control,Clear,Dark,Dry,Non-Fatal Injury,Rear End,Driver,20 to 24,Minimal,False,False,True,False,False,True,True,False,False,False,D43,14875
2018,2018/08/09,1415,REXDALE BLVD,Major Arterial,Etobicoke York,43.713248,-79.559642,Intersection,At Intersection,Traffic Signal,Clear,Daylight,Dry,Non-Fatal Injury,Turning Movement,Driver,70 to 74,Major,False,False,True,False,False,False,False,False,False,False,D23,14876
2018,2018/09/21,1723,WOODBINE TRACK ACCESS,Local,Etobicoke York,43.717654,-79.603442,Mid-Block,Non Intersection,No Control,Rain,Daylight,Wet,Non-Fatal Injury,Turning Movement,Driver,40 to 44,None,False,False,True,False,True,True,False,False,False,False,D23,14877
2018,2018/02/02,943,FINCH AVE W,Major Arterial,Etobicoke York,43.747714,-79.562267,Intersection,At Intersection,Traffic Signal,Clear,Daylight,Dry,Fatal,Pedestrian Collisions,Pedestrian,70 to 74,Fatal,True,False,True,False,False,False,False,False,False,False,D31,14878
2018,2018/04/21,2341,SEWELLS RD,Minor Arterial,Scarborough,43.814105,-79.213535,Mid-Block,Non Intersection,No Control,Clear,"Dark, artificial",Dry,Fatal,SMV Other,Driver,25 to 29,Fatal,False,False,True,False,False,False,True,False,False,False,D42,14879
2018,2018/03/02,649,DON VALLEY PARKWAY  S,Expressway,North York,43.737506,-79.332217,Mid-Block,Non Intersection,No Control,Clear,Daylight,Wet,Non-Fatal Injury,Rear End,Driver,50 to 54,None,False,False,True,False,False,True,False,False,False,False,D33,14880
2018,2018/05/30,329,MARTIN GROVE RD,Major Arterial,Etobicoke York,43.705172,-79.577121,Intersection,At Intersection,Traffic Signal,Other,Dark,Other,Fatal,Turning Movement,Motorcycle Driver,20 to 24,Fatal,False,False,False,True,True,False,True,False,False,False,D23,14881
2017,2017/11/03,649,DUFFERIN ST,Major Arterial,North York,43.787211,-79.470042,Intersection,At Intersection,Traffic Signal,Rain,"Dark, artificial",Wet,Non-Fatal Injury,Pedestrian Collisions,Pedestrian,60 to 64,Major,True,False,True,False,False,False,False,False,False,False,D32,14882
2018,2018/03/02,649,DON VALLEY PARKWAY  S,Expressway,North York,43.737506,-79.332217,Mid-Block,Non Intersection,No Control,Clear,Daylight,Wet,Non-Fatal Injury,Rear End,Driver,30 to 34,None,False,False,True,False,False,True,False,False,False,False,D33,14883
2018,2018/08/10,1038,KINGSTON RD,Major Arterial,Toronto and East York,43.678813,-79.297984,Intersection,At Intersection,Traffic Signal,Clear,Daylight,Dry,Non-Fatal Injury,Pedestrian Collisions,Driver,20 to 24,None,True,False,True,False,False,False,False,False,False,False,D55,14884
2018,2018/09/21,1723,WOODBINE TRACK ACCESS,Local,Etobicoke York,43.717654,-79.603442,Mid-Block,Non Intersection,No Control,Rain,Daylight,Wet,Non-Fatal Injury,Turning Movement,Truck Driver,50 to 54,Minimal,False,False,True,False,True,True,False,False,False,False,D23,14885
2018,2018/05/30,2103,WOODBINE AVE,Major Arterial,Toronto and East York,43.683352,-79.311801,Intersection,At Intersection,No Control,Clear,"Dark, artificial",Dry,Non-Fatal Injury,Cyclist Collisions,Cyclist,20 to 24,Major,False,True,True,False,False,False,False,False,False,False,D55,14886
2018,2018/02/02,943,FINCH AVE W,Major Arterial,Etobicoke York,43.747714,-79.562267,Intersection,At Intersection,Traffic Signal,Clear,Daylight,Dry,Fatal,Pedestrian Collisions,Driver,50 to 54,None,True,False,True,False,False,False,False,False,False,False,D31,14887
2018,2018/04/22,1706,1854 KEELE ST,Major Arterial,North York,43.689555,-79.474803,Mid-Block,Non Intersection,No Control,Clear,"Dark, artificial",Dry,Non-Fatal Injury,Pedestrian Collisions,Pedestrian,60 to 64,Major,True,False,False,True,False,False,True,False,False,False,D12,14888
2017,2017/11/03,649,DUFFERIN ST,Major Arterial,North York,43.787211,-79.470042,Intersection,At Intersection,Traffic Signal,Rain,"Dark, artificial",Wet,Non-Fatal Injury,Pedestrian Collisions,Driver,35 to 39,None,True,False,True,False,False,False,False,False,False,False,D32,14889
2018,2018/03/02,649,DON VALLEY PARKWAY  S,Expressway,North York,43.737506,-79.332217,Mid-Block,Non Intersection,No Control,Clear,Daylight,Wet,Non-Fatal Injury,Rear End,Driver,50 to 54,Major,False,False,True,False,False,True,False,False,False,False,D33,14890
2018,2018/09/21,1723,WOODBINE TRACK ACCESS,Local,Etobicoke York,43.717654,-79.603442,Mid-Block,Non Intersection,No Control,Rain,Daylight,Wet,Non-Fatal Injury,Turning Movement,Passenger,40 to 44,None,False,False,True,False,True,True,False,False,False,False,D23,14891
2018,2018/08/10,1038,KINGSTON RD,Major Arterial,Toronto and East York,43.678813,-79.297984,Intersection,At Intersection,Traffic Signal,Clear,Daylight,Dry,Non-Fatal Injury,Pedestrian Collisions,Pedestrian,20 to 24,Major,True,False,True,False,False,False,False,False,False,False,D55,14892
2018,2018/02/03,403,PARLIAMENT ST,Minor Arterial,Toronto and East York,43.664225,-79.367954,Intersection,At Intersection,Traffic Signal,Clear,"Dark, artificial",Dry,Non-Fatal Injury,Pedestrian Collisions,Pedestrian,60 to 64,Major,True,False,True,False,False,False,False,False,False,False,D51,14893
2017,2017/11/03,725,FINCH AVENUE W,Major Arterial,Etobicoke York,43.741091,-79.589198,Mid-Block,Non Intersection,No Control,Clear,"Dawn, artificial",Wet,Non-Fatal Injury,Pedestrian Collisions,Pedestrian,50 to 54,Major,True,False,True,False,False,False,False,False,False,False,D23,14894
2018,2018/03/02,649,DON VALLEY PARKWAY  S,Expressway,North York,43.737506,-79.332217,Mid-Block,Non Intersection,No Control,Clear,Daylight,Wet,Non-Fatal Injury,Rear End,Driver,40 to 44,None,False,False,True,False,False,True,False,False,False,False,D33,14895
2018,2018/09/21,1723,WOODBINE TRACK ACCESS,Local,Etobicoke York,43.717654,-79.603442,Mid-Block,Non Intersection,No Control,Rain,Daylight,Wet,Non-Fatal Injury,Turning Movement,Passenger,65 to 69,Major,False,False,True,False,True,True,False,False,False,False,D23,14896