YEAR,DATE,TIME,STREET1,ROAD_CLASS,DISTRICT,LATITUDE,LONGITUDE,LOCCOORD,ACCLOC,TRAFFCTL,VISIBILITY,LIGHT,RDSFCOND,ACCLASS,IMPACTYPE,INVTYPE,INVAGE,INJURY,PEDESTRIAN,CYCLIST,AUTOMOBILE,MOTORCYCLE,TRUCK,PASSENGER,SPEEDING,REDLIGHT,ALCOHOL,DISABILITY,DIVISION,Record_ID
2018,2018/04/22,1706,1854 KEELE ST,Major Arterial,North York,43.689555,-79.474803,Mid-Block,Non Intersection,No Control,Clear,"Dark, artificial",Dry,Non-Fatal Injury,Pedestrian Collisions,Motorcycle Driver,unknown,None,True,False,False,True,False,False,True,False,False,False,D12,14897
2018,2018/02/03,403,PARLIAMENT ST,Minor Arterial,Toronto and East York,43.664225,-79.367954,Intersection,At Intersection,Traffic Signal,Clear,"Dark, artificial",Dry,Non-Fatal Injury,Pedestrian Collisions,Driver,unknown,None,True,False,True,False,False,False,False,False,False,False,D51,14898
2018,2018/05/30,2103,WOODBINE AVE,Major Arterial,Toronto and East York,43.683352,-79.311801,Intersection,At Intersection,No Control,Clear,"Dark, artificial",Dry,Non-Fatal Injury,Cyclist Collisions,Driver,30 to 34,None,False,True,True,False,False,False,False,False,False,False,D55,14899
2017,2017/11/03,725,FINCH AVENUE W,Major Arterial,Etobicoke York,43.741091,-79.589198,Mid-Block,Non Intersection,No Control,Clear,"Dawn, artificial",Wet,Non-Fatal Injury,Pedestrian Collisions,Driver,45 to 49,None,True,False,True,False,False,False,False,False,False,False,D23,14900
2018,2018/03/02,1435,2083 LAWRENCE AVE W,Major Arterial,Etobicoke York,43.699755,-79.517535,Mid-Block,Non Intersection,No Control,Clear,Daylight,Dry,Non-Fatal Injury,Pedestrian Collisions,Pedestrian,20 to 24,Major,True,False,True,False,False,False,False,False,False,False,D12,14901
2018,2018/08/10,2055,BELLAMY RD N,Minor Arterial,Scarborough,43.767378,-79.239131,Intersection,At Intersection,Traffic Signal,Clear,Daylight,Dry,Fatal,Angle,Motorcycle Driver,70 to 74,Fatal,False,False,True,True,False,False,False,True,False,False,D43,14902
2018,2018/09/21,1723,WOODBINE TRACK ACCESS,Local,Etobicoke York,43.717654,-79.603442,Mid-Block,Non Intersection,No Control,Rain,Daylight,Wet,Non-Fatal Injury,Turning Movement,Passenger,30 to 34,Minor,False,False,True,False,True,True,False,False,False,False,D23,14903
2018,2018/08/10,2055,BELLAMY RD N,Minor Arterial,Scarborough,43.767378,-79.239131,Intersection,At Intersection,Traffic Signal,Clear,Daylight,Dry,Fatal,Angle,Driver,30 to 34,None,False,False,True,True,False,False,False,True,False,False,D43,14904
2018,2018/04/23,20,FINCH AVE W,Major Arterial,Etobicoke York,43.753218,-79.53622,Intersection,At Intersection,Traffic Signal,Clear,"Dark, artificial",Dry,Fatal,Angle,Driver,15 to 19,Minor,False,False,True,False,False,False,True,True,False,False,D31,14905
2018,2018/02/03,1525,8 HERTFORD AVE,Local,Etobicoke York,43.6887,-79.477329,Mid-Block,Non Intersection,No Control,Clear,"Daylight, artificial",Dry,Non-Fatal Injury,Cyclist Collisions,Other,unknown,None,False,True,False,False,False,False,False,False,False,False,D12,14906
2018,2018/05/31,755,BLOOR ST W,Major Arterial,Etobicoke York,43.648242,-79.485713,Intersection,At Intersection,Traffic Signal,Clear,Daylight,Dry,Non-Fatal Injury,Pedestrian Collisions,Truck Driver,20 to 24,None,True,False,False,False,True,False,False,False,False,False,D11,14907
2017,2017/11/03,1202,PROGRESS AVE,Major Arterial,Scarborough,43.772895,-79.272945,Intersection,At Intersection,Traffic Signal,Clear,Daylight,Dry,Non-Fatal Injury,Pedestrian Collisions,Pedestrian,30 to 34,Major,True,False,True,False,False,False,False,False,False,False,D41,14908
2018,2018/03/02,1435,2083 LAWRENCE AVE W,Major Arterial,Etobicoke York,43.699755,-79.517535,Mid-Block,Non Intersection,No Control,Clear,Daylight,Dry,Non-Fatal Injury,Pedestrian Collisions,Driver,50 to 54,None,True,False,True,False,False,False,False,False,False,False,D12,14909
2018,2018/04/23,20,FINCH AVE W,Major Arterial,Etobicoke York,43.753218,-79.53622,Intersection,At Intersection,Traffic Signal,Clear,"Dark, artificial",Dry,Fatal,Angle,Driver,55 to 59,None,False,False,True,False,False,False,True,True,False,False,D31,14910
2018,2018/08/11,1420,EGLINTON AVE W,Major Arterial,Etobicoke York,43.68389,-79.511417,Intersection,At Intersection,Traffic Signal,Clear,Daylight,Dry,Non-Fatal Injury,Pedestrian Collisions,Driver,45 to 49,Minor,True,False,True,False,False,True,False,False,False,False,D22,14911
2018,2018/09/21,1723,WOODBINE TRACK ACCESS,Local,Etobicoke York,43.717654,-79.603442,Mid-Block,Non Intersection,No Control,Rain,Daylight,Wet,Non-Fatal Injury,Turning Movement,Passenger,30 to 34,Minimal,False,False,True,False,True,True,False,False,False,False,D23,14912
2018,2018/02/03,1525,8 HERTFORD AVE,Local,Etobicoke York,43.6887,-79.477329,Mid-Block,Non Intersection,No Control,Clear,"Daylight, artificial",Dry,Non-Fatal Injury,Cyclist Collisions,Cyclist,15 to 19,Major,False,True,False,False,False,False,False,False,False,False,D12,14913
2018,2018/05/31,755,BLOOR ST W,Major Arterial,Etobicoke York,43.648242,-79.485713,Intersection,At Intersection,Traffic Signal,Clear,Daylight,Dry,Non-Fatal Injury,Pedestrian Collisions,Pedestrian,35 to 39,Major,True,False,False,False,True,False,False,False,False,False,D11,14914
2017,2017/11/03,1202,PROGRESS AVE,Major Arterial,Scarborough,43.772895,-79.272945,Intersection,At Intersection,Traffic Signal,Clear,Daylight,Dry,Non-Fatal Injury,Pedestrian Collisions,Driver,55 to 59,None,True,False,True,False,False,False,False,False,False,False,D41,14915
2018,2018/03/02,1914,GREENCEDAR CRCT,Collector,Scarborough,43.756827,-79.22932,Intersection,At Intersection,No Control,Other,Dark,Other,Fatal,Pedestrian Collisions,Pedestrian,65 to 69,Fatal,True,False,True,False,False,False,False,False,False,False,D43,14916
2018,2018/04/23,20,FINCH AVE W,Major Arterial,Etobicoke York,43.753218,-79.53622,Intersection,At Intersection,Traffic Signal,Clear,"Dark, artificial",Dry,Fatal,Angle,Driver,40 to 44,Fatal,False,False,True,False,False,False,True,True,False,False,D31,14917
2018,2018/08/11,1420,EGLINTON AVE W,Major Arterial,Etobicoke York,43.68389,-79.511417,Intersection,At Intersection,Traffic Signal,Clear,Daylight,Dry,Non-Fatal Injury,Pedestrian Collisions,Driver,45 to 49,None,True,False,True,False,False,True,False,False,False,False,D22,14918
2018,2018/09/21,2227,2265 MIDLAND AVE,Major Arterial,Scarborough,43.775595,-79.274074,Mid-Block,Non Intersection,No Control,Clear,Dark,Dry,Non-Fatal Injury,Pedestrian Collisions,Driver,unknown,None,True,False,True,False,False,False,False,False,False,False,D41,14919
2018,2018/09/21,2227,2265 MIDLAND AVE,Major Arterial,Scarborough,43.775595,-79.274074,Mid-Block,Non Intersection,No Control,Clear,Dark,Dry,Non-Fatal Injury,Pedestrian Collisions,Pedestrian,20 to 24,Major,True,False,True,False,False,False,False,False,False,False,D41,14920
2018,2018/05/31,2054,LAWRENCE AVE E,Minor Arterial,Scarborough,43.768336,-79.186191,Intersection,Intersection Related,No Control,Clear,Daylight,Wet,Non-Fatal Injury,Pedestrian Collisions,Driver,35 to 39,None,True,False,True,False,False,True,False,False,False,False,D43,14921
2017,2017/11/08,1604,OAK  ST,Major Arterial,Etobicoke York,43.707713,-79.53358,Intersection,At Intersection,Traffic Signal,Clear,Daylight,Dry,Non-Fatal Injury,Pedestrian Collisions,Pedestrian,15 to 19,Major,True,False,True,False,False,False,False,False,False,False,D12,14922
2018,2018/03/02,1914,GREENCEDAR CRCT,Collector,Scarborough,43.756827,-79.22932,Intersection,At Intersection,No Control,Other,Dark,Other,Fatal,Pedestrian Collisions,Driver,65 to 69,None,True,False,True,False,False,False,False,False,False,False,D43,14923
2018,2018/04/23,801,HORNER AVE,Minor Arterial,Etobicoke York,43.603137,-79.538493,Intersection,At Intersection,No Control,Clear,Daylight,Dry,Non-Fatal Injury,Pedestrian Collisions,Driver,25 to 29,None,True,False,True,False,False,False,False,False,False,False,D22,14924
2018,2018/08/11,1420,EGLINTON AVE W,Major Arterial,Etobicoke York,43.68389,-79.511417,Intersection,At Intersection,Traffic Signal,Clear,Daylight,Dry,Non-Fatal Injury,Pedestrian Collisions,Passenger,25 to 29,Minor,True,False,True,False,False,True,False,False,False,False,D22,14925
2018,2018/09/22,1635,EGLINTON AVE E,Major Arterial,Scarborough,43.743479,-79.21725,Mid-Block,At/Near Private Drive,Stop Sign,Clear,Daylight,Dry,Non-Fatal Injury,Turning Movement,Driver,40 to 44,None,False,False,True,True,False,False,False,False,False,False,D43,14926
2018,2018/04/23,801,HORNER AVE,Minor Arterial,Etobicoke York,43.603137,-79.538493,Intersection,At Intersection,No Control,Clear,Daylight,Dry,Non-Fatal Injury,Pedestrian Collisions,Pedestrian,20 to 24,Major,True,False,True,False,False,False,False,False,False,False,D22,14927
2018,2018/05/31,2054,LAWRENCE AVE E,Minor Arterial,Scarborough,43.768336,-79.186191,Intersection,Intersection Related,No Control,Clear,Daylight,Wet,Non-Fatal Injury,Pedestrian Collisions,Pedestrian,35 to 39,Major,True,False,True,False,False,True,False,False,False,False,D43,14928
2018,2018/03/03,1111,WELLINGTON ST W,Minor Arterial,Toronto and East York,43.646697,-79.382236,Mid-Block,Non Intersection,No Control,Clear,Daylight,Dry,Non-Fatal Injury,Turning Movement,Driver,15 to 19,Major,False,False,True,False,True,True,False,False,False,False,D52,14929
2018,2018/02/06,913,CARL HALL RD,Local,North York,43.7485,-79.468807,Mid-Block,Non Intersection,No Control,Clear,Daylight,Wet,Non-Fatal Injury,Approaching,Driver,35 to 39,Minor,False,False,True,False,False,False,True,False,False,False,D32,14930
2018,2018/03/03,1111,WELLINGTON ST W,Minor Arterial,Toronto and East York,43.646697,-79.382236,Mid-Block,Non Intersection,No Control,Clear,Daylight,Dry,Non-Fatal Injury,Turning Movement,Truck Driver,35 to 39,None,False,False,True,False,True,True,False,False,False,False,D52,14931
2017,2017/11/08,1604,OAK  ST,Major Arterial,Etobicoke York,43.707713,-79.53358,Intersection,At Intersection,Traffic Signal,Clear,Daylight,Dry,Non-Fatal Injury,Pedestrian Collisions,Driver,25 to 29,None,True,False,True,False,False,False,False,False,False,False,D12,14932
2018,2018/09/22,1635,EGLINTON AVE E,Major Arterial,Scarborough,43.743479,-79.21725,Mid-Block,At/Near Private Drive,Stop Sign,Clear,Daylight,Dry,Non-Fatal Injury,Turning Movement,Motorcycle Driver,15 to 19,Major,False,False,True,True,False,False,False,False,False,False,D43,14933
2018,2018/04/23,1220,BAY ST,Major Arterial,Toronto and East York,43.662398,-79.38634,Intersection,At Intersection,Traffic Signal,Clear,Daylight,Dry,Non-Fatal Injury,Pedestrian Collisions,Driver,35 to 39,None,True,False,True,False,False,False,False,False,False,False,D52,14934
2018,2018/05/31,2054,LAWRENCE AVE E,Minor Arterial,Scarborough,43.768336,-79.186191,Intersection,Intersection Related,No Control,Clear,Daylight,Wet,Non-Fatal Injury,Pedestrian Collisions,Passenger,40 to 44,None,True,False,True,False,False,True,False,False,False,False,D43,14935
2018,2018/02/06,913,CARL HALL RD,Local,North York,43.7485,-79.468807,Mid-Block,Non Intersection,No Control,Clear,Daylight,Wet,Non-Fatal Injury,Approaching,Driver,35 to 39,Major,False,False,True,False,False,False,True,False,False,False,D32,14936
2017,2017/11/08,1838,TRETHEWEY DR,Minor Arterial,Etobicoke York,43.692324,-79.477252,Intersection,Non Intersection,No Control,Clear,"Dark, artificial",Dry,Non-Fatal Injury,Cyclist Collisions,Cyclist,55 to 59,Major,False,True,True,False,False,False,False,False,False,False,D12,14937
2018,2018/09/22,1655,EGLINTON AVE W,Major Arterial,Etobicoke York,43.683287,-79.520641,Mid-Block,Non Intersection,Stop Sign,Clear,Daylight,Dry,Non-Fatal Injury,Turning Movement,Motorcycle Driver,35 to 39,Major,False,False,True,True,False,False,False,False,False,False,D22,14938
2018,2018/04/23,1220,BAY ST,Major Arterial,Toronto and East York,43.662398,-79.38634,Intersection,At Intersection,Traffic Signal,Clear,Daylight,Dry,Non-Fatal Injury,Pedestrian Collisions,Pedestrian,85 to 89,Major,True,False,True,False,False,False,False,False,False,False,D52,14939
2018,2018/03/03,1111,WELLINGTON ST W,Minor Arterial,Toronto and East York,43.646697,-79.382236,Mid-Block,Non Intersection,No Control,Clear,Daylight,Dry,Non-Fatal Injury,Turning Movement,Passenger,20 to 24,None,False,False,True,False,True,True,False,False,False,False,D52,14940
2018,2018/05/31,2054,LAWRENCE AVE E,Minor Arterial,Scarborough,43.768336,-79.186191,Intersection,Intersection Related,No Control,Clear,Daylight,Wet,Non-Fatal Injury,Pedestrian Collisions,Passenger,0 to 4,None,True,False,True,False,False,True,False,False,False,False,D43,14941
2018,2018/09/22,1655,EGLINTON AVE W,Major Arterial,Etobicoke York,43.683287,-79.520641,Mid-Block,Non Intersection,Stop Sign,Clear,Daylight,Dry,Non-Fatal Injury,Turning Movement,Driver,45 to 49,None,False,False,True,True,False,False,False,False,False,False,D22,14942
2018,2018/09/23,1430,YONGE ST,Major Arterial,North York,43.647772,-79.37733,Intersection,At Intersection,Traffic Signal,Clear,Daylight,Dry,Non-Fatal Injury,Cyclist Collisions,Driver,unknown,None,False,True,True,False,False,False,False,False,False,False,D51,14943
2018,2018/03/03,1515,BATHURST ST,Major Arterial,North York,43.792338,-79.445712,Intersection,Intersection Related,Traffic Signal,Clear,Daylight,Dry,Non-Fatal Injury,Angle,Driver,45 to 49,None,False,False,True,False,False,True,False,False,False,False,D32,14944
2018,2018/06/02,1845,BADEN ST,Local,North York,43.649581,-79.422855,Intersection,Intersection Related,Stop Sign,Clear,Daylight,Dry,Non-Fatal Injury,Pedestrian Collisions,Driver,55 to 59,None,True,False,True,False,False,False,False,False,False,False,D14,14945
2018,2018/04/23,2358,BLOOR ST W,Major Arterial,Toronto and East York,43.657233,-79.447734,Intersection,At Intersection,Traffic Signal,Rain,"Dark, artificial",Wet,Non-Fatal Injury,Pedestrian Collisions,Pedestrian,60 to 64,Major,True,False,True,False,False,False,False,False,False,False,D11,14946
2018,2018/09/23,1430,YONGE ST,Major Arterial,North York,43.647772,-79.37733,Intersection,At Intersection,Traffic Signal,Clear,Daylight,Dry,Non-Fatal Injury,Cyclist Collisions,Cyclist,20 to 24,Major,False,True,True,False,False,False,False,False,False,False,D51,14947
2018,2018/03/03,1515,BATHURST ST,Major Arterial,North York,43.792338,-79.445712,Intersection,Intersection Related,Traffic Signal,Clear,Daylight,Dry,Non-Fatal Injury,Angle,Driver,80 to 84,Minimal,False,False,True,False,False,True,False,False,False,False,D32,14948
2018,2018/06/02,1845,BADEN ST,Local,North York,43.649581,-79.422855,Intersection,Intersection Related,Stop Sign,Clear,Daylight,Dry,Non-Fatal Injury,Pedestrian Collisions,Pedestrian,0 to 4,Major,True,False,True,False,False,False,False,False,False,False,D14,14949
2018,2018/04/23,2358,BLOOR ST W,Major Arterial,Toronto and East York,43.657233,-79.447734,Intersection,At Intersection,Traffic Signal,Rain,"Dark, artificial",Wet,Non-Fatal Injury,Pedestrian Collisions,Driver,70 to 74,None,True,False,True,False,False,False,False,False,False,False,D11,14950
2018,2018/09/23,1735,DANFORTH AVE,Major Arterial,Toronto and East York,43.68141,-79.332347,Intersection,At/Near Private Drive,No Control,Clear,Daylight,Dry,Non-Fatal Injury,Cyclist Collisions,Driver,45 to 49,None,False,True,True,False,False,False,False,False,False,False,D55,14951
2018,2018/03/03,1515,BATHURST ST,Major Arterial,North York,43.792338,-79.445712,Intersection,Intersection Related,Traffic Signal,Clear,Daylight,Dry,Non-Fatal Injury,Angle,Passenger,75 to 79,Major,False,False,True,False,False,True,False,False,False,False,D32,14952
2018,2018/03/05,820,DUFFERIN ST,Major Arterial,North York,43.700686,-79.451724,Intersection,Intersection Related,Traffic Signal,Clear,Daylight,Dry,Non-Fatal Injury,Pedestrian Collisions,Pedestrian,75 to 79,Major,True,False,True,False,False,True,False,False,False,False,D13,14953
2018,2018/04/24,1401,VICTORIA PARK AVE,Major Arterial,North York,43.726615,-79.303432,Intersection,At Intersection,Traffic Signal,Clear,Daylight,Dry,Non-Fatal Injury,Turning Movement,Driver,45 to 49,None,False,False,True,False,False,False,False,False,False,False,D41,14954
2018,2018/09/23,1735,DANFORTH AVE,Major Arterial,Toronto and East York,43.68141,-79.332347,Intersection,At/Near Private Drive,No Control,Clear,Daylight,Dry,Non-Fatal Injury,Cyclist Collisions,Cyclist,70 to 74,Major,False,True,True,False,False,False,False,False,False,False,D55,14955
2018,2018/04/24,1401,VICTORIA PARK AVE,Major Arterial,North York,43.726615,-79.303432,Intersection,At Intersection,Traffic Signal,Clear,Daylight,Dry,Non-Fatal Injury,Turning Movement,Driver,40 to 44,Major,False,False,True,False,False,False,False,False,False,False,D41,14956
2018,2018/06/02,1903,LAKE SHORE BLVD W,Major Arterial,North York,43.630515,-79.427158,Mid-Block,Non Intersection,No Control,Clear,Daylight,Dry,Fatal,Approaching,Motorcycle Driver,50 to 54,Fatal,False,False,True,True,False,False,False,False,False,False,D14,14957
2018,2018/03/05,820,DUFFERIN ST,Major Arterial,North York,43.700686,-79.451724,Intersection,Intersection Related,Traffic Signal,Clear,Daylight,Dry,Non-Fatal Injury,Pedestrian Collisions,Passenger,50 to 54,None,True,False,True,False,False,True,False,False,False,False,D13,14958
2018,2018/09/23,2228,CENTENNIAL PARK BLVD,Major Arterial,Etobicoke York,43.65576,-79.598361,Intersection,At Intersection,Traffic Signal,Clear,"Dark, artificial",Dry,Non-Fatal Injury,Cyclist Collisions,Driver,55 to 59,None,False,True,True,False,False,False,False,False,False,False,D22,14959
2018,2018/04/25,1100,BATHURST ST,Major Arterial,North York,43.751422,-79.43748,Intersection,At Intersection,Stop Sign,Rain,Daylight,Wet,Non-Fatal Injury,Pedestrian Collisions,Pedestrian,75 to 79,Major,True,False,True,False,False,False,False,False,False,False,D32,14960
2018,2018/06/02,1903,LAKE SHORE BLVD W,Major Arterial,North York,43.630515,-79.427158,Mid-Block,Non Intersection,No Control,Clear,Daylight,Dry,Fatal,Approaching,Driver,30 to 34,Other,False,False,True,True,False,False,False,False,False,False,D14,14961
2018,2018/03/05,820,DUFFERIN ST,Major Arterial,North York,43.700686,-79.451724,Intersection,Intersection Related,Traffic Signal,Clear,Daylight,Dry,Non-Fatal Injury,Pedestrian Collisions,Passenger,20 to 24,None,True,False,True,False,False,True,False,False,False,False,D13,14962
2018,2018/03/05,820,DUFFERIN ST,Major Arterial,North York,43.700686,-79.451724,Intersection,Intersection Related,Traffic Signal,Clear,Daylight,Dry,Non-Fatal Injury,Pedestrian Collisions,Driver,50 to 54,None,True,False,True,False,False,True,False,False,False,False,D13,14963
2018,2018/04/25,1100,BATHURST ST,Major Arterial,North York,43.751422,-79.43748,Intersection,At Intersection,Stop Sign,Rain,Daylight,Wet,Non-Fatal Injury,Pedestrian Collisions,Driver,unknown,None,True,False,True,False,False,False,False,False,False,False,D32,14964
2018,2018/06/02,1903,LAKE SHORE BLVD W,Major Arterial,North York,43.630515,-79.427158,Mid-Block,Non Intersection,No Control,Clear,Daylight,Dry,Fatal,Approaching,Driver,30 to 34,Other,False,False,True,True,False,False,False,False,False,False,D14,14965
2018,2018/09/23,2228,CENTENNIAL PARK BLVD,Major Arterial,Etobicoke York,43.65576,-79.598361,Intersection,At Intersection,Traffic Signal,Clear,"Dark, artificial",Dry,Non-Fatal Injury,Cyclist Collisions,Cyclist,35 to 39,Major,False,True,True,False,False,False,False,False,False,False,D22,14966
2018,2018/03/05,1505,BATHURST ST,Major Arterial,Toronto and East York,43.698359,-79.424472,Mid-Block,Non Intersection,No Control,Clear,Daylight,Dry,Non-Fatal Injury,Rear End,Driver,70 to 74,Minimal,False,False,True,False,False,True,False,False,False,False,D13,14967
2018,2018/06/02,1903,LAKE SHORE BLVD W,Major Arterial,North York,43.630515,-79.427158,Mid-Block,Non Intersection,No Control,Clear,Daylight,Dry,Fatal,Approaching,Driver,55 to 59,None,False,False,True,True,False,False,False,False,False,False,D14,14968
2018,2018/04/26,105,SCARLETT RD,Major Arterial,Etobicoke York,43.698107,-79.52325,Intersection,At Intersection,Traffic Signal,Rain,"Dark, artificial",Wet,Non-Fatal Injury,Turning Movement,Driver,20 to 24,Major,False,False,True,False,False,True,True,False,False,False,D23,14969
2018,2018/09/24,1143,DEWHURST BLVD,Major Arterial,Toronto and East York,43.679942,-79.339397,Intersection,At Intersection,No Control,Clear,Daylight,Dry,Non-Fatal Injury,Rear End,Driver,30 to 34,Major,False,False,True,False,False,False,False,False,False,False,D55,14970
2018,2018/03/05,1505,BATHURST ST,Major Arterial,Toronto and East York,43.698359,-79.424472,Mid-Block,Non Intersection,No Control,Clear,Daylight,Dry,Non-Fatal Injury,Rear End,Driver,25 to 29,None,False,False,True,False,False,True,False,False,False,False,D13,14971
2018,2018/09/24,1143,DEWHURST BLVD,Major Arterial,Toronto and East York,43.679942,-79.339397,Intersection,At Intersection,No Control,Clear,Daylight,Dry,Non-Fatal Injury,Rear End,Driver,45 to 49,None,False,False,True,False,False,False,False,False,False,False,D55,14972
2018,2018/03/05,1505,BATHURST ST,Major Arterial,Toronto and East York,43.698359,-79.424472,Mid-Block,Non Intersection,No Control,Clear,Daylight,Dry,Non-Fatal Injury,Rear End,Driver,45 to 49,None,False,False,True,False,False,True,False,False,False,False,D13,14973
2018,2018/04/26,105,SCARLETT RD,Major Arterial,Etobicoke York,43.698107,-79.52325,Intersection,At Intersection,Traffic Signal,Rain,"Dark, artificial",Wet,Non-Fatal Injury,Turning Movement,Driver,50 to 54,None,False,False,True,False,False,True,True,False,False,False,D23,14974
2018,2018/09/26,645,DUNDAS ST W,Major Arterial,Toronto and East York,43.655169,-79.38602,Intersection,At Intersection,Traffic Signal,Clear,"Dawn, artificial",Dry,Non-Fatal Injury,Pedestrian Collisions,Driver,55 to 59,None,True,False,True,False,False,False,False,False,False,False,D52,14975
2018,2018/03/05,1505,BATHURST ST,Major Arterial,Toronto and East York,43.698359,-79.424472,Mid-Block,Non Intersection,No Control,Clear,Daylight,Dry,Non-Fatal Injury,Rear End,Passenger,20 to 24,None,False,False,True,False,False,True,False,False,False,False,D13,14976
2018,2018/04/26,105,SCARLETT RD,Major Arterial,Etobicoke York,43.698107,-79.52325,Intersection,At Intersection,Traffic Signal,Rain,"Dark, artificial",Wet,Non-Fatal Injury,Turning Movement,Passenger,unknown,Minor,False,False,True,False,False,True,True,False,False,False,D23,14977
2018,2018/09/26,645,DUNDAS ST W,Major Arterial,Toronto and East York,43.655169,-79.38602,Intersection,At Intersection,Traffic Signal,Clear,"Dawn, artificial",Dry,Non-Fatal Injury,Pedestrian Collisions,Pedestrian,55 to 59,Major,True,False,True,False,False,False,False,False,False,False,D52,14978
2018,2018/03/05,1505,BATHURST ST,Major Arterial,Toronto and East York,43.698359,-79.424472,Mid-Block,Non Intersection,No Control,Clear,Daylight,Dry,Non-Fatal Injury,Rear End,Passenger,50 to 54,Major,False,False,True,False,False,True,False,False,False,False,D13,14979
2018,2018/04/26,105,SCARLETT RD,Major Arterial,Etobicoke York,43.698107,-79.52325,Intersection,At Intersection,Traffic Signal,Rain,"Dark, artificial",Wet,Non-Fatal Injury,Turning Movement,Passenger,20 to 24,Minor,False,False,True,False,False,True,True,False,False,False,D23,14980
2018,2018/09/26,709,ST CLAIR AVE E,Minor Arterial,Scarborough,43.719565,-79.247051,Intersection,At Intersection,Traffic Signal,Clear,Daylight,Dry,Fatal,Pedestrian Collisions,Pedestrian,60 to 64,Fatal,True,False,True,False,False,False,False,True,False,False,D41,14981
2018,2018/09/26,709,ST CLAIR AVE E,Minor Arterial,Scarborough,43.719565,-79.247051,Intersection,At Intersection,Traffic Signal,Clear,Daylight,Dry,Fatal,Pedestrian Collisions,Driver,unknown,None,True,False,True,False,False,False,False,True,False,False,D41,14982
2018,2018/04/26,105,SCARLETT RD,Major Arterial,Etobicoke York,43.698107,-79.52325,Intersection,At Intersection,Traffic Signal,Rain,"Dark, artificial",Wet,Non-Fatal Injury,Turning Movement,Passenger,60 to 64,Minor,False,False,True,False,False,True,True,False,False,False,D23,14983
2018,2018/03/05,1505,BATHURST ST,Major Arterial,Toronto and East York,43.698359,-79.424472,Mid-Block,Non Intersection,No Control,Clear,Daylight,Dry,Non-Fatal Injury,Rear End,Passenger,10 to 14,None,False,False,True,False,False,True,False,False,False,False,D13,14984
2018,2018/09/26,900,MELITA AVE,Minor Arterial,Toronto and East York,43.674388,-79.42258,Intersection,At Intersection,No Control,Clear,Daylight,Dry,Non-Fatal Injury,Cyclist Collisions,Driver,35 to 39,None,False,True,True,False,False,False,False,False,False,False,D13,14985
2018,2018/04/26,1942,ISLINGTON AVE,Major Arterial,Etobicoke York,43.737166,-79.565257,Intersection,At Intersection,Traffic Signal,Clear,"Dusk, artificial",Dry,Non-Fatal Injury,Turning Movement,Driver,25 to 29,None,False,False,True,False,False,True,False,False,False,False,D23,14986
2018,2018/03/05,1505,BATHURST ST,Major Arterial,Toronto and East York,43.698359,-79.424472,Mid-Block,Non Intersection,No Control,Clear,Daylight,Dry,Non-Fatal Injury,Rear End,Passenger,15 to 19,None,False,False,True,False,False,True,False,False,False,False,D13,14987
2018,2018/09/26,900,MELITA AVE,Minor Arterial,Toronto and East York,43.674388,-79.42258,Intersection,At Intersection,No Control,Clear,Daylight,Dry,Non-Fatal Injury,Cyclist Collisions,Cyclist,20 to 24,Major,False,True,True,False,False,False,False,False,False,False,D13,14988
2018,2018/03/05,1525,EGLINTON AVE W,Major Arterial,Etobicoke York,43.676662,-79.553142,Mid-Block,Non Intersection,No Control,Clear,Daylight,Dry,Non-Fatal Injury,Approaching,Driver,20 to 24,Major,False,False,True,False,False,False,True,False,False,False,D22,14989
2018,2018/04/26,1942,ISLINGTON AVE,Major Arterial,Etobicoke York,43.737166,-79.565257,Intersection,At Intersection,Traffic Signal,Clear,"Dusk, artificial",Dry,Non-Fatal Injury,Turning Movement,Driver,20 to 24,Major,False,False,True,False,False,True,False,False,False,False,D23,14990
2018,2018/09/26,1755,BRIMLEY RD,Major Arterial,Scarborough,43.810984,-79.279712,Intersection,At Intersection,Traffic Signal,Clear,Daylight,Dry,Non-Fatal Injury,Cyclist Collisions,Cyclist,30 to 34,Major,False,True,True,False,False,False,False,False,False,False,D42,14991
2018,2018/03/05,1525,EGLINTON AVE W,Major Arterial,Etobicoke York,43.676662,-79.553142,Mid-Block,Non Intersection,No Control,Clear,Daylight,Dry,Non-Fatal Injury,Approaching,Driver,55 to 59,Major,False,False,True,False,False,False,True,False,False,False,D22,14992
2018,2018/03/05,1525,EGLINTON AVE W,Major Arterial,Etobicoke York,43.676662,-79.553142,Mid-Block,Non Intersection,No Control,Clear,Daylight,Dry,Non-Fatal Injury,Approaching,Driver,60 to 64,Minor,False,False,True,False,False,False,True,False,False,False,D22,14993
2018,2018/09/26,1755,BRIMLEY RD,Major Arterial,Scarborough,43.810984,-79.279712,Intersection,At Intersection,Traffic Signal,Clear,Daylight,Dry,Non-Fatal Injury,Cyclist Collisions,Driver,45 to 49,None,False,True,True,False,False,False,False,False,False,False,D42,14994