YEAR,DATE,TIME,STREET1,ROAD_CLASS,DISTRICT,LATITUDE,LONGITUDE,LOCCOORD,ACCLOC,TRAFFCTL,VISIBILITY,LIGHT,RDSFCOND,ACCLASS,IMPACTYPE,INVTYPE,INVAGE,INJURY,PEDESTRIAN,CYCLIST,AUTOMOBILE,MOTORCYCLE,TRUCK,PASSENGER,SPEEDING,REDLIGHT,ALCOHOL,DISABILITY,DIVISION,Record_ID
2018,2018/10/06,1850,KINGSTON RD,Major Arterial,Scarborough,43.761939,-79.194705,Intersection,At Intersection,Traffic Signal,Clear,Daylight,Dry,Non-Fatal Injury,Turning Movement,Motorcycle Driver,15 to 19,Major,False,False,True,True,False,True,True,False,False,False,D43,15383
2019,2019/01/20,515,FINCH AVE W,Major Arterial,Etobicoke York,43.745352,-79.572002,Mid-Block,Non Intersection,No Control,Snow,"Dark, artificial",Loose Snow,Non-Fatal Injury,Approaching,Driver,55 to 59,Minor,False,False,True,False,False,True,False,False,False,False,D23,15384
2019,2019/08/11,1505,JANE ST,Major Arterial,Etobicoke York,43.719008,-79.508113,Intersection,Intersection Related,Traffic Signal,Clear,Daylight,Dry,Non-Fatal Injury,Turning Movement,Passenger,25 to 29,Major,False,False,True,False,False,True,False,False,False,False,D31,15385
2018,2018/11/12,1754,WESTON RD,Major Arterial,Etobicoke York,43.700087,-79.516155,Intersection,At Intersection,Traffic Signal,Clear,Dark,Dry,Non-Fatal Injury,Pedestrian Collisions,Driver,75 to 79,None,True,False,True,False,False,False,False,False,False,False,D12,15386
2019,2019/04/30,725,STAINES RD,Local,Scarborough,43.836573,-79.231487,Intersection,Intersection Related,No Control,Clear,Daylight,Dry,Non-Fatal Injury,Pedestrian Collisions,Driver,40 to 44,None,True,False,False,False,False,False,False,False,False,False,D42,15387
2019,2019/06/09,2132,QUEENS QUAY E,Minor Arterial,Toronto and East York,43.642409,-79.373027,Intersection,Intersection Related,No Control,Clear,"Dark, artificial",Dry,Non-Fatal Injury,Turning Movement,Motorcycle Driver,30 to 34,Major,False,False,True,True,False,False,False,False,False,False,D51,15388
2018,2018/11/12,1754,WESTON RD,Major Arterial,Etobicoke York,43.700087,-79.516155,Intersection,At Intersection,Traffic Signal,Clear,Dark,Dry,Non-Fatal Injury,Pedestrian Collisions,Pedestrian,55 to 59,Major,True,False,True,False,False,False,False,False,False,False,D12,15389
2019,2019/03/17,630,KING ST E,Major Arterial,Toronto and East York,43.65232,-79.363742,Mid-Block,Non Intersection,No Control,Clear,"Dark, artificial",Dry,Non-Fatal Injury,SMV Other,Driver,20 to 24,None,False,False,True,False,False,True,True,False,False,False,D51,15390
2019,2019/08/11,1505,JANE ST,Major Arterial,Etobicoke York,43.719008,-79.508113,Intersection,Intersection Related,Traffic Signal,Clear,Daylight,Dry,Non-Fatal Injury,Turning Movement,Passenger,unknown,None,False,False,True,False,False,True,False,False,False,False,D31,15391
2018,2018/12/07,1520,1750 MIDLAND AVE,Major Arterial,Scarborough,43.761187,-79.268703,Mid-Block,Non Intersection,No Control,Clear,Daylight,Dry,Non-Fatal Injury,Rear End,Passenger,10 to 14,None,False,False,True,False,False,True,False,False,False,False,D41,15392
2018,2018/10/06,1850,KINGSTON RD,Major Arterial,Scarborough,43.761939,-79.194705,Intersection,At Intersection,Traffic Signal,Clear,Daylight,Dry,Non-Fatal Injury,Turning Movement,Driver,30 to 34,None,False,False,True,True,False,True,True,False,False,False,D43,15393
2019,2019/01/20,515,FINCH AVE W,Major Arterial,Etobicoke York,43.745352,-79.572002,Mid-Block,Non Intersection,No Control,Snow,"Dark, artificial",Loose Snow,Non-Fatal Injury,Approaching,Passenger,40 to 44,Major,False,False,True,False,False,True,False,False,False,False,D23,15394
2018,2018/12/07,1830,FINCH AVE E,Major Arterial,Scarborough,43.80044,-79.299564,Intersection,Intersection Related,No Control,Clear,Dark,Dry,Fatal,Pedestrian Collisions,Driver,60 to 64,None,True,False,True,False,False,False,False,False,False,False,D42,15395
2019,2019/07/16,1401,BARKWOOD CRES,Local,North York,43.804576,-79.35551,Intersection,At Intersection,No Control,Clear,Daylight,Dry,Fatal,Pedestrian Collisions,Pedestrian,65 to 69,Fatal,True,False,False,False,True,False,False,False,False,False,D33,15396
2019,2019/04/30,725,STAINES RD,Local,Scarborough,43.836573,-79.231487,Intersection,Intersection Related,No Control,Clear,Daylight,Dry,Non-Fatal Injury,Pedestrian Collisions,Pedestrian,15 to 19,Major,True,False,False,False,False,False,False,False,False,False,D42,15397
2019,2019/06/09,2132,QUEENS QUAY E,Minor Arterial,Toronto and East York,43.642409,-79.373027,Intersection,Intersection Related,No Control,Clear,"Dark, artificial",Dry,Non-Fatal Injury,Turning Movement,Driver,55 to 59,None,False,False,True,True,False,False,False,False,False,False,D51,15398
2018,2018/11/12,1822,ELLESMERE  RD,Major Arterial,Scarborough,43.783148,-79.202258,Mid-Block,Non Intersection,No Control,Clear,"Dark, artificial",Dry,Fatal,Pedestrian Collisions,Driver,75 to 79,None,True,False,True,False,False,False,False,False,False,False,D43,15399
2019,2019/03/17,630,KING ST E,Major Arterial,Toronto and East York,43.65232,-79.363742,Mid-Block,Non Intersection,No Control,Clear,"Dark, artificial",Dry,Non-Fatal Injury,SMV Other,Passenger,20 to 24,Major,False,False,True,False,False,True,True,False,False,False,D51,15400
2019,2019/08/11,1505,JANE ST,Major Arterial,Etobicoke York,43.719008,-79.508113,Intersection,Intersection Related,Traffic Signal,Clear,Daylight,Dry,Non-Fatal Injury,Turning Movement,Passenger,5 to 9,None,False,False,True,False,False,True,False,False,False,False,D31,15401
2018,2018/10/06,1850,KINGSTON RD,Major Arterial,Scarborough,43.761939,-79.194705,Intersection,At Intersection,Traffic Signal,Clear,Daylight,Dry,Non-Fatal Injury,Turning Movement,Motorcycle Passenger,15 to 19,Major,False,False,True,True,False,True,True,False,False,False,D43,15402
2019,2019/01/21,1125,BAY ST,Major Arterial,Toronto and East York,43.647261,-79.379688,Intersection,At Intersection,Traffic Signal,Clear,Daylight,Dry,Non-Fatal Injury,Pedestrian Collisions,Driver,50 to 54,None,True,False,True,False,False,False,False,True,False,False,D52,15403
2019,2019/07/16,1401,BARKWOOD CRES,Local,North York,43.804576,-79.35551,Intersection,At Intersection,No Control,Clear,Daylight,Dry,Fatal,Pedestrian Collisions,Driver,45 to 49,None,True,False,False,False,True,False,False,False,False,False,D33,15404
2018,2018/10/06,1850,KINGSTON RD,Major Arterial,Scarborough,43.761939,-79.194705,Intersection,At Intersection,Traffic Signal,Clear,Daylight,Dry,Non-Fatal Injury,Turning Movement,Passenger,30 to 34,Minimal,False,False,True,True,False,True,True,False,False,False,D43,15405
2019,2019/06/11,1305,ST CLAIR AVE E,Major Arterial,Scarborough,43.715186,-79.266704,Intersection,At Intersection,No Control,Clear,Daylight,Dry,Non-Fatal Injury,Pedestrian Collisions,Driver,55 to 59,None,True,False,True,False,False,True,False,False,False,False,D41,15406
2018,2018/12/07,1830,FINCH AVE E,Major Arterial,Scarborough,43.80044,-79.299564,Intersection,Intersection Related,No Control,Clear,Dark,Dry,Fatal,Pedestrian Collisions,Pedestrian,80 to 84,Fatal,True,False,True,False,False,False,False,False,False,False,D42,15407
2019,2019/05/01,1634,FAIRFAX CRES,Major Arterial,Scarborough,43.716109,-79.282733,Intersection,At Intersection,Traffic Signal,Rain,Daylight,Wet,Non-Fatal Injury,Pedestrian Collisions,Driver,55 to 59,None,True,False,True,False,False,False,False,False,False,False,D41,15408
2018,2018/11/12,1822,ELLESMERE  RD,Major Arterial,Scarborough,43.783148,-79.202258,Mid-Block,Non Intersection,No Control,Clear,"Dark, artificial",Dry,Fatal,Pedestrian Collisions,Pedestrian,50 to 54,Fatal,True,False,True,False,False,False,False,False,False,False,D43,15409
2018,2018/12/08,1601,STEELES AVE W,Major Arterial,Etobicoke York,43.757952,-79.60258,Mid-Block,Non Intersection,No Control,Clear,Daylight,Dry,Non-Fatal Injury,Other,Driver,50 to 54,None,False,False,False,False,False,True,False,False,False,False,D23,15410
2019,2019/03/17,630,KING ST E,Major Arterial,Toronto and East York,43.65232,-79.363742,Mid-Block,Non Intersection,No Control,Clear,"Dark, artificial",Dry,Non-Fatal Injury,SMV Other,Passenger,15 to 19,None,False,False,True,False,False,True,True,False,False,False,D51,15411
2019,2019/01/21,1125,BAY ST,Major Arterial,Toronto and East York,43.647261,-79.379688,Intersection,At Intersection,Traffic Signal,Clear,Daylight,Dry,Non-Fatal Injury,Pedestrian Collisions,Pedestrian,65 to 69,Major,True,False,True,False,False,False,False,True,False,False,D52,15412
2019,2019/08/12,1044,RICHMOND ST W,Major Arterial,Scarborough,43.650012,-79.386249,Intersection,At Intersection,Traffic Signal,Clear,Daylight,Dry,Non-Fatal Injury,Cyclist Collisions,Driver,20 to 24,None,False,True,True,False,False,False,False,False,False,False,D52,15413
2019,2019/07/18,2240,DUNDAS ST W,Major Arterial,Etobicoke York,43.653163,-79.524646,Intersection,Intersection Related,No Control,Clear,"Dark, artificial",Dry,Fatal,Turning Movement,Driver,55 to 59,None,False,False,True,True,False,False,False,False,False,False,D22,15414
2018,2018/10/07,305,DON VALLEY PARKWAY  N,Expressway,Toronto and East York,43.6561,-79.351756,Mid-Block,Non Intersection,No Control,Rain,"Dark, artificial",Wet,Non-Fatal Injury,Sideswipe,Driver,20 to 24,Major,False,False,True,False,False,True,True,False,False,False,D55,15415
2019,2019/06/11,1305,ST CLAIR AVE E,Major Arterial,Scarborough,43.715186,-79.266704,Intersection,At Intersection,No Control,Clear,Daylight,Dry,Non-Fatal Injury,Pedestrian Collisions,Passenger,55 to 59,None,True,False,True,False,False,True,False,False,False,False,D41,15416
2018,2018/10/07,305,DON VALLEY PARKWAY  N,Expressway,Toronto and East York,43.6561,-79.351756,Mid-Block,Non Intersection,No Control,Rain,"Dark, artificial",Wet,Non-Fatal Injury,Sideswipe,Driver,25 to 29,None,False,False,True,False,False,True,True,False,False,False,D55,15417
2019,2019/05/01,1634,FAIRFAX CRES,Major Arterial,Scarborough,43.716109,-79.282733,Intersection,At Intersection,Traffic Signal,Rain,Daylight,Wet,Non-Fatal Injury,Pedestrian Collisions,Pedestrian,15 to 19,Major,True,False,True,False,False,False,False,False,False,False,D41,15418
2018,2018/11/14,827,KEELE ST,Major Arterial,North York,43.765643,-79.491611,Intersection,At Intersection,Traffic Signal,Clear,Daylight,Dry,Non-Fatal Injury,Pedestrian Collisions,Driver,20 to 24,Minimal,True,False,True,False,False,False,False,True,False,False,D31,15419
2019,2019/08/12,1044,RICHMOND ST W,Major Arterial,Scarborough,43.650012,-79.386249,Intersection,At Intersection,Traffic Signal,Clear,Daylight,Dry,Non-Fatal Injury,Cyclist Collisions,Cyclist,45 to 49,Major,False,True,True,False,False,False,False,False,False,False,D52,15420
2019,2019/03/18,914,DANFORTH AVE,Major Arterial,Toronto and East York,43.679801,-79.340137,Intersection,At Intersection,Traffic Signal,Clear,Daylight,Dry,Non-Fatal Injury,Pedestrian Collisions,Driver,30 to 34,None,True,False,True,False,False,False,False,False,False,False,D55,15421
2018,2018/12/08,1601,STEELES AVE W,Major Arterial,Etobicoke York,43.757952,-79.60258,Mid-Block,Non Intersection,No Control,Clear,Daylight,Dry,Non-Fatal Injury,Other,Passenger,50 to 54,Major,False,False,False,False,False,True,False,False,False,False,D23,15422
2019,2019/01/24,639,284 OAKWOOD AVE,Minor Arterial,Etobicoke York,43.684207,-79.437534,Mid-Block,Non Intersection,No Control,Freezing Rain,"Dark, artificial",Ice,Non-Fatal Injury,Pedestrian Collisions,Driver,25 to 29,None,True,False,True,False,False,False,False,False,False,False,D13,15423
2018,2018/10/07,305,DON VALLEY PARKWAY  N,Expressway,Toronto and East York,43.6561,-79.351756,Mid-Block,Non Intersection,No Control,Rain,"Dark, artificial",Wet,Non-Fatal Injury,Sideswipe,Passenger,20 to 24,None,False,False,True,False,False,True,True,False,False,False,D55,15424
2019,2019/06/11,1305,ST CLAIR AVE E,Major Arterial,Scarborough,43.715186,-79.266704,Intersection,At Intersection,No Control,Clear,Daylight,Dry,Non-Fatal Injury,Pedestrian Collisions,Pedestrian,20 to 24,Major,True,False,True,False,False,True,False,False,False,False,D41,15425
2019,2019/05/02,200,BROWNS LINE,Major Arterial,Etobicoke York,43.601615,-79.545207,Intersection,At Intersection,Traffic Signal,Clear,"Dark, artificial",Wet,Non-Fatal Injury,SMV Other,Driver,30 to 34,Major,False,False,True,False,False,False,False,False,True,False,D22,15426
2019,2019/07/18,2240,DUNDAS ST W,Major Arterial,Etobicoke York,43.653163,-79.524646,Intersection,Intersection Related,No Control,Clear,"Dark, artificial",Dry,Fatal,Turning Movement,Motorcycle Driver,25 to 29,Fatal,False,False,True,True,False,False,False,False,False,False,D22,15427
2019,2019/03/18,914,DANFORTH AVE,Major Arterial,Toronto and East York,43.679801,-79.340137,Intersection,At Intersection,Traffic Signal,Clear,Daylight,Dry,Non-Fatal Injury,Pedestrian Collisions,Pedestrian,50 to 54,Major,True,False,True,False,False,False,False,False,False,False,D55,15428
2018,2018/11/14,827,KEELE ST,Major Arterial,North York,43.765643,-79.491611,Intersection,At Intersection,Traffic Signal,Clear,Daylight,Dry,Non-Fatal Injury,Pedestrian Collisions,Driver,30 to 34,None,True,False,True,False,False,False,False,True,False,False,D31,15429
2018,2018/10/08,117,SHEPPARD AVE E,Major Arterial,North York,43.762419,-79.406253,Mid-Block,Non Intersection,No Control,Clear,"Dark, artificial",Dry,Fatal,Pedestrian Collisions,Pedestrian,30 to 34,Fatal,True,False,True,False,False,False,False,False,False,False,D32,15430
2019,2019/06/11,2313,ST CLAIR AVE W,Major Arterial,Etobicoke York,43.673464,-79.463008,Intersection,At Intersection,Traffic Signal,Clear,"Dark, artificial",Dry,Non-Fatal Injury,Pedestrian Collisions,Driver,20 to 24,None,True,False,True,False,False,False,False,False,False,False,D11,15431
2019,2019/01/24,639,284 OAKWOOD AVE,Minor Arterial,Etobicoke York,43.684207,-79.437534,Mid-Block,Non Intersection,No Control,Freezing Rain,"Dark, artificial",Ice,Non-Fatal Injury,Pedestrian Collisions,Pedestrian,50 to 54,Major,True,False,True,False,False,False,False,False,False,False,D13,15432
2019,2019/08/13,1329,STEELES  AVE E,Major Arterial,Scarborough,43.830973,-79.275157,Intersection,At Intersection,Traffic Signal,Clear,Daylight,Dry,Fatal,Turning Movement,Motorcycle Driver,40 to 44,Fatal,False,False,True,True,False,False,False,False,False,False,D42,15433
2019,2019/05/02,1708,MARKHAM RD,Major Arterial,Scarborough,43.836528,-79.251148,Intersection,At Intersection,Traffic Signal,Clear,Daylight,Dry,Non-Fatal Injury,Pedestrian Collisions,Driver,40 to 44,None,True,False,True,False,False,False,False,False,False,False,D42,15434
2019,2019/07/19,1924,FINCH AVE W,Major Arterial,Etobicoke York,43.757003,-79.519115,Mid-Block,At/Near Private Drive,No Control,Clear,Daylight,Dry,Non-Fatal Injury,Turning Movement,Driver,35 to 39,None,False,False,True,False,False,True,False,False,False,False,D31,15435
2018,2018/12/09,49,CENTENNIAL PARK RD,Local,Etobicoke York,43.650893,-79.58118,Intersection,At Intersection,No Control,Clear,"Dark, artificial",Dry,Non-Fatal Injury,SMV Other,Driver,25 to 29,Major,False,False,True,False,False,False,False,False,False,False,D22,15436
2019,2019/03/18,1545,LESLIE ST,Major Arterial,North York,43.789939,-79.36803,Intersection,At Intersection,Traffic Signal,Clear,Daylight,Dry,Non-Fatal Injury,Pedestrian Collisions,Driver,50 to 54,None,True,False,True,False,False,True,False,False,False,False,D33,15437
2018,2018/11/14,827,KEELE ST,Major Arterial,North York,43.765643,-79.491611,Intersection,At Intersection,Traffic Signal,Clear,Daylight,Dry,Non-Fatal Injury,Pedestrian Collisions,Pedestrian,50 to 54,Major,True,False,True,False,False,False,False,True,False,False,D31,15438
2019,2019/06/11,2313,ST CLAIR AVE W,Major Arterial,Etobicoke York,43.673464,-79.463008,Intersection,At Intersection,Traffic Signal,Clear,"Dark, artificial",Dry,Non-Fatal Injury,Pedestrian Collisions,Pedestrian,75 to 79,Major,True,False,True,False,False,False,False,False,False,False,D11,15439
2019,2019/01/26,230,MCCOWAN RD,Major Arterial,Scarborough,43.809508,-79.267261,Mid-Block,Non Intersection,No Control,Clear,"Dark, artificial",Dry,Non-Fatal Injury,SMV Other,Driver,55 to 59,Major,False,False,True,False,False,False,False,False,True,False,D42,15440
2019,2019/08/13,1329,STEELES  AVE E,Major Arterial,Scarborough,43.830973,-79.275157,Intersection,At Intersection,Traffic Signal,Clear,Daylight,Dry,Fatal,Turning Movement,Driver,35 to 39,None,False,False,True,True,False,False,False,False,False,False,D42,15441
2019,2019/05/02,1708,MARKHAM RD,Major Arterial,Scarborough,43.836528,-79.251148,Intersection,At Intersection,Traffic Signal,Clear,Daylight,Dry,Non-Fatal Injury,Pedestrian Collisions,Pedestrian,45 to 49,Major,True,False,True,False,False,False,False,False,False,False,D42,15442
2018,2018/12/09,1650,176 LAWRENCE AVE E,Major Arterial,North York,43.726988,-79.392947,Mid-Block,Non Intersection,No Control,Clear,Daylight,Dry,Non-Fatal Injury,SMV Unattended Vehicle,Driver,65 to 69,Major,False,False,True,False,False,False,False,False,False,False,D53,15443
2019,2019/03/18,1545,LESLIE ST,Major Arterial,North York,43.789939,-79.36803,Intersection,At Intersection,Traffic Signal,Clear,Daylight,Dry,Non-Fatal Injury,Pedestrian Collisions,Passenger,45 to 49,None,True,False,True,False,False,True,False,False,False,False,D33,15444
2019,2019/07/19,1924,FINCH AVE W,Major Arterial,Etobicoke York,43.757003,-79.519115,Mid-Block,At/Near Private Drive,No Control,Clear,Daylight,Dry,Non-Fatal Injury,Turning Movement,Driver,70 to 74,None,False,False,True,False,False,True,False,False,False,False,D31,15445
2018,2018/11/14,827,KEELE ST,Major Arterial,North York,43.765643,-79.491611,Intersection,At Intersection,Traffic Signal,Clear,Daylight,Dry,Non-Fatal Injury,Pedestrian Collisions,Pedestrian,10 to 14,Major,True,False,True,False,False,False,False,True,False,False,D31,15446
2019,2019/06/12,1750,BLOOR ST W,Major Arterial,Etobicoke York,43.640822,-79.539516,Intersection,At/Near Private Drive,No Control,Clear,Daylight,Dry,Non-Fatal Injury,Pedestrian Collisions,Driver,55 to 59,None,True,False,True,False,False,False,False,False,False,False,D22,15447
2018,2018/10/08,117,SHEPPARD AVE E,Major Arterial,North York,43.762419,-79.406253,Mid-Block,Non Intersection,No Control,Clear,"Dark, artificial",Dry,Fatal,Pedestrian Collisions,Driver,unknown,None,True,False,True,False,False,False,False,False,False,False,D32,15448
2019,2019/08/13,1748,QUEEN ST E,Minor Arterial,Toronto and East York,43.674201,-79.28017,Intersection,At Intersection,No Control,Clear,Daylight,Dry,Non-Fatal Injury,Cyclist Collisions,Driver,80 to 84,Minimal,False,True,True,False,False,True,False,False,False,False,D41,15449
2018,2018/10/08,2015,685 QUEEN ST E,Major Arterial,Toronto and East York,43.658515,-79.35094,Intersection,At Intersection,No Control,Clear,"Dusk, artificial",Dry,Fatal,Cyclist Collisions,Cyclist,60 to 64,Fatal,False,True,True,False,False,False,False,False,False,False,D55,15450
2019,2019/01/29,1527,PHARMACY AVE,Minor Arterial,Scarborough,43.781603,-79.320125,Intersection,At Intersection,Traffic Signal,Clear,Daylight,Wet,Non-Fatal Injury,Angle,Driver,50 to 54,Minor,False,False,True,False,False,True,False,True,False,False,D42,15451
2019,2019/05/02,1755,THE QUEENSWAY,Major Arterial,Etobicoke York,43.62427,-79.511646,Intersection,At Intersection,Traffic Signal,Clear,Daylight,Dry,Non-Fatal Injury,Pedestrian Collisions,Driver,35 to 39,None,True,False,True,False,False,False,False,False,False,False,D22,15452
2018,2018/12/09,1650,176 LAWRENCE AVE E,Major Arterial,North York,43.726988,-79.392947,Mid-Block,Non Intersection,No Control,Clear,Daylight,Dry,Non-Fatal Injury,SMV Unattended Vehicle,Other,unknown,None,False,False,True,False,False,False,False,False,False,False,D53,15453
2019,2019/03/18,1545,LESLIE ST,Major Arterial,North York,43.789939,-79.36803,Intersection,At Intersection,Traffic Signal,Clear,Daylight,Dry,Non-Fatal Injury,Pedestrian Collisions,Pedestrian,10 to 14,Major,True,False,True,False,False,True,False,False,False,False,D33,15454
2018,2018/11/14,1107,YORK MILLS RD,Major Arterial,North York,43.753421,-79.357456,Intersection,At Intersection,Traffic Signal,Clear,Daylight,Dry,Non-Fatal Injury,Pedestrian Collisions,Truck Driver,45 to 49,None,True,False,False,False,True,False,False,False,False,False,D33,15455
2018,2018/11/14,1107,YORK MILLS RD,Major Arterial,North York,43.753421,-79.357456,Intersection,At Intersection,Traffic Signal,Clear,Daylight,Dry,Non-Fatal Injury,Pedestrian Collisions,Pedestrian,45 to 49,Major,True,False,False,False,True,False,False,False,False,False,D33,15456
2019,2019/06/12,1750,BLOOR ST W,Major Arterial,Etobicoke York,43.640822,-79.539516,Intersection,At/Near Private Drive,No Control,Clear,Daylight,Dry,Non-Fatal Injury,Pedestrian Collisions,Pedestrian,20 to 24,Major,True,False,True,False,False,False,False,False,False,False,D22,15457
2019,2019/01/29,1527,PHARMACY AVE,Minor Arterial,Scarborough,43.781603,-79.320125,Intersection,At Intersection,Traffic Signal,Clear,Daylight,Wet,Non-Fatal Injury,Angle,Driver,40 to 44,Minimal,False,False,True,False,False,True,False,True,False,False,D42,15458
2019,2019/07/19,1924,FINCH AVE W,Major Arterial,Etobicoke York,43.757003,-79.519115,Mid-Block,At/Near Private Drive,No Control,Clear,Daylight,Dry,Non-Fatal Injury,Turning Movement,Passenger,15 to 19,None,False,False,True,False,False,True,False,False,False,False,D31,15459
2018,2018/10/08,2015,685 QUEEN ST E,Major Arterial,Toronto and East York,43.658515,-79.35094,Intersection,At Intersection,No Control,Clear,"Dusk, artificial",Dry,Fatal,Cyclist Collisions,Driver,30 to 34,None,False,True,True,False,False,False,False,False,False,False,D55,15460
2019,2019/05/02,1755,THE QUEENSWAY,Major Arterial,Etobicoke York,43.62427,-79.511646,Intersection,At Intersection,Traffic Signal,Clear,Daylight,Dry,Non-Fatal Injury,Pedestrian Collisions,Pedestrian,15 to 19,Major,True,False,True,False,False,False,False,False,False,False,D22,15461
2018,2018/12/10,1617,SHEPPARD AVE E,Major Arterial,North York,43.7834,-79.287288,Mid-Block,Non Intersection,No Control,Clear,Daylight,Dry,Non-Fatal Injury,Pedestrian Collisions,Driver,50 to 54,None,True,False,True,False,False,False,False,False,False,False,D42,15462
2019,2019/03/18,2016,EDWARD ST,Collector,Toronto and East York,43.656611,-79.382869,Mid-Block,Non Intersection,No Control,Clear,"Dark, artificial",Dry,Non-Fatal Injury,Cyclist Collisions,Driver,unknown,None,False,True,True,False,False,False,False,False,False,False,D52,15463
2018,2018/11/16,1011,BRUCEWOOD CRES,Collector,North York,43.720133,-79.433635,Intersection,At Intersection,Stop Sign,Snow,Daylight,Slush,Non-Fatal Injury,Pedestrian Collisions,Driver,25 to 29,None,True,False,True,False,False,False,False,False,False,False,D32,15464
2019,2019/06/12,1750,BLOOR ST W,Major Arterial,Etobicoke York,43.640822,-79.539516,Intersection,At/Near Private Drive,No Control,Clear,Daylight,Dry,Non-Fatal Injury,Pedestrian Collisions,Pedestrian,45 to 49,Minor,True,False,True,False,False,False,False,False,False,False,D22,15465
2019,2019/01/29,1527,PHARMACY AVE,Minor Arterial,Scarborough,43.781603,-79.320125,Intersection,At Intersection,Traffic Signal,Clear,Daylight,Wet,Non-Fatal Injury,Angle,Passenger,25 to 29,Major,False,False,True,False,False,True,False,True,False,False,D42,15466
2019,2019/01/29,1527,PHARMACY AVE,Minor Arterial,Scarborough,43.781603,-79.320125,Intersection,At Intersection,Traffic Signal,Clear,Daylight,Wet,Non-Fatal Injury,Angle,Passenger,0 to 4,Minor,False,False,True,False,False,True,False,True,False,False,D42,15467
2019,2019/08/13,1748,QUEEN ST E,Minor Arterial,Toronto and East York,43.674201,-79.28017,Intersection,At Intersection,No Control,Clear,Daylight,Dry,Non-Fatal Injury,Cyclist Collisions,Cyclist,45 to 49,Major,False,True,True,False,False,True,False,False,False,False,D41,15468
2018,2018/10/08,2015,685 QUEEN ST E,Major Arterial,Toronto and East York,43.658515,-79.35094,Intersection,At Intersection,No Control,Clear,"Dusk, artificial",Dry,Fatal,Cyclist Collisions,Other,unknown,None,False,True,True,False,False,False,False,False,False,False,D55,15469
2019,2019/05/02,1940,DUFFERIN ST,Major Arterial,Etobicoke York,43.669528,-79.43951,Intersection,At Intersection,No Control,Clear,Dusk,Dry,Non-Fatal Injury,Turning Movement,Driver,unknown,None,False,False,True,True,False,False,False,False,False,False,D13,15470
2018,2018/12/10,1617,SHEPPARD AVE E,Major Arterial,North York,43.7834,-79.287288,Mid-Block,Non Intersection,No Control,Clear,Daylight,Dry,Non-Fatal Injury,Pedestrian Collisions,Pedestrian,20 to 24,Major,True,False,True,False,False,False,False,False,False,False,D42,15471
2019,2019/03/18,2016,EDWARD ST,Collector,Toronto and East York,43.656611,-79.382869,Mid-Block,Non Intersection,No Control,Clear,"Dark, artificial",Dry,Non-Fatal Injury,Cyclist Collisions,Cyclist,35 to 39,Major,False,True,True,False,False,False,False,False,False,False,D52,15472
2018,2018/11/16,1011,BRUCEWOOD CRES,Collector,North York,43.720133,-79.433635,Intersection,At Intersection,Stop Sign,Snow,Daylight,Slush,Non-Fatal Injury,Pedestrian Collisions,Pedestrian,25 to 29,Major,True,False,True,False,False,False,False,False,False,False,D32,15473
2019,2019/06/13,1917,EGLINTON AVE W,Major Arterial,North York,43.694804,-79.453914,Intersection,Intersection Related,No Control,Clear,Daylight,Dry,Non-Fatal Injury,Pedestrian Collisions,Pedestrian,65 to 69,Major,True,False,True,False,False,False,False,False,True,False,D13,15474
2018,2018/11/16,2016,STEELES AVE E,Major Arterial,North York,43.803198,-79.39619,Intersection,At Intersection,Traffic Signal,Snow,"Dark, artificial",Wet,Non-Fatal Injury,Pedestrian Collisions,Driver,20 to 24,None,True,False,True,False,False,False,False,False,False,False,D33,15475
2019,2019/07/19,1924,FINCH AVE W,Major Arterial,Etobicoke York,43.757003,-79.519115,Mid-Block,At/Near Private Drive,No Control,Clear,Daylight,Dry,Non-Fatal Injury,Turning Movement,Passenger,60 to 64,Major,False,False,True,False,False,True,False,False,False,False,D31,15476
2018,2018/12/11,1811,MARLEE AVE,Minor Arterial,North York,43.706256,-79.442699,Intersection,At Intersection,No Control,Clear,"Dark, artificial",Wet,Non-Fatal Injury,Pedestrian Collisions,Driver,30 to 34,None,True,False,True,False,False,True,False,False,False,False,D13,15477
2019,2019/08/13,1748,QUEEN ST E,Minor Arterial,Toronto and East York,43.674201,-79.28017,Intersection,At Intersection,No Control,Clear,Daylight,Dry,Non-Fatal Injury,Cyclist Collisions,Passenger,80 to 84,None,False,True,True,False,False,True,False,False,False,False,D41,15478
2018,2018/12/11,1811,MARLEE AVE,Minor Arterial,North York,43.706256,-79.442699,Intersection,At Intersection,No Control,Clear,"Dark, artificial",Wet,Non-Fatal Injury,Pedestrian Collisions,Passenger,30 to 34,None,True,False,True,False,False,True,False,False,False,False,D13,15479