YEAR,DATE,TIME,STREET1,ROAD_CLASS,DISTRICT,LATITUDE,LONGITUDE,LOCCOORD,ACCLOC,TRAFFCTL,VISIBILITY,LIGHT,RDSFCOND,ACCLASS,IMPACTYPE,INVTYPE,INVAGE,INJURY,PEDESTRIAN,CYCLIST,AUTOMOBILE,MOTORCYCLE,TRUCK,PASSENGER,SPEEDING,REDLIGHT,ALCOHOL,DISABILITY,DIVISION,Record_ID
2021,2021/02/12,126,65 SHORNCLIFFE RD,Minor Arterial,Etobicoke York,43.627532,-79.542835,Intersection,Intersection Related,No Control,Clear,"Dark, artificial",Dry,Non-Fatal Injury,SMV Other,Driver,20 to 24,Major,False,False,True,False,False,True,False,False,False,False,D22,16450
2020,2020/04/03,2310,STEELES AVE W,Major Arterial,Etobicoke York,43.762202,-79.579898,Mid-Block,Non Intersection,No Control,Clear,"Dark, artificial",Wet,Fatal,Turning Movement,Driver,25 to 29,Fatal,False,False,True,False,False,True,False,False,False,False,D23,16451
2020,2020/08/19,1244,JARVIS ST,Major Arterial,Toronto and East York,43.655287,-79.373874,Intersection,At Intersection,Traffic Signal,Clear,Daylight,Dry,Non-Fatal Injury,Turning Movement,Motorcycle Driver,30 to 34,Major,False,False,False,True,True,False,True,False,False,False,D51,16452
2020,2020/07/02,1255,PHARMACY AVE,Minor Arterial,Scarborough,43.781603,-79.320125,Intersection,At Intersection,Traffic Signal,Clear,Daylight,Dry,Non-Fatal Injury,Angle,Passenger,35 to 39,Major,False,False,True,False,False,True,False,True,False,False,D42,16453
2019,2019/10/15,457,LAMBTON AVE,Collector,Etobicoke York,43.682391,-79.491687,Intersection,Intersection Related,No Control,Clear,Daylight,Dry,Non-Fatal Injury,SMV Other,Driver,35 to 39,Major,False,False,True,True,False,False,True,False,False,True,D12,16454
2019,2019/11/18,1830,MIDLAND AVE,Major Arterial,Etobicoke York,43.824183,-79.296489,Intersection,At Intersection,No Control,Rain,"Dark, artificial",Wet,Non-Fatal Injury,Pedestrian Collisions,Driver,35 to 39,None,True,False,True,False,False,True,False,False,False,False,D42,16455
2021,2021/02/12,126,65 SHORNCLIFFE RD,Minor Arterial,Etobicoke York,43.627532,-79.542835,Intersection,Intersection Related,No Control,Clear,"Dark, artificial",Dry,Non-Fatal Injury,SMV Other,Passenger,20 to 24,Minor,False,False,True,False,False,True,False,False,False,False,D22,16456
2019,2019/10/15,457,LAMBTON AVE,Collector,Etobicoke York,43.682391,-79.491687,Intersection,Intersection Related,No Control,Clear,Daylight,Dry,Non-Fatal Injury,SMV Other,Driver,unknown,None,False,False,True,True,False,False,True,False,False,True,D12,16457
2020,2020/08/19,1244,JARVIS ST,Major Arterial,Toronto and East York,43.655287,-79.373874,Intersection,At Intersection,Traffic Signal,Clear,Daylight,Dry,Non-Fatal Injury,Turning Movement,Truck Driver,60 to 64,None,False,False,False,True,True,False,True,False,False,False,D51,16458
2020,2020/07/02,1255,PHARMACY AVE,Minor Arterial,Scarborough,43.781603,-79.320125,Intersection,At Intersection,Traffic Signal,Clear,Daylight,Dry,Non-Fatal Injury,Angle,Passenger,80 to 84,Minor,False,False,True,False,False,True,False,True,False,False,D42,16459
2020,2020/04/03,2310,STEELES AVE W,Major Arterial,Etobicoke York,43.762202,-79.579898,Mid-Block,Non Intersection,No Control,Clear,"Dark, artificial",Wet,Fatal,Turning Movement,Driver,50 to 54,Minor,False,False,True,False,False,True,False,False,False,False,D23,16460
2021,2021/02/13,2203,MIDLAND  AVE,Minor Arterial,Scarborough,43.732051,-79.257068,Intersection,Intersection Related,No Control,Snow,Dark,Ice,Non-Fatal Injury,SMV Other,Driver,35 to 39,Minor,False,False,True,False,False,True,True,False,False,False,D41,16461
2019,2019/11/18,1830,MIDLAND AVE,Major Arterial,Etobicoke York,43.824183,-79.296489,Intersection,At Intersection,No Control,Rain,"Dark, artificial",Wet,Non-Fatal Injury,Pedestrian Collisions,Pedestrian,45 to 49,Major,True,False,True,False,False,True,False,False,False,False,D42,16462
2020,2020/04/03,2310,STEELES AVE W,Major Arterial,Etobicoke York,43.762202,-79.579898,Mid-Block,Non Intersection,No Control,Clear,"Dark, artificial",Wet,Fatal,Turning Movement,Passenger,50 to 54,Major,False,False,True,False,False,True,False,False,False,False,D23,16463
2021,2021/02/13,2203,MIDLAND  AVE,Minor Arterial,Scarborough,43.732051,-79.257068,Intersection,Intersection Related,No Control,Snow,Dark,Ice,Non-Fatal Injury,SMV Other,Passenger,30 to 34,Minor,False,False,True,False,False,True,True,False,False,False,D41,16464
2019,2019/10/15,457,LAMBTON AVE,Collector,Etobicoke York,43.682391,-79.491687,Intersection,Intersection Related,No Control,Clear,Daylight,Dry,Non-Fatal Injury,SMV Other,Motorcycle Driver,unknown,None,False,False,True,True,False,False,True,False,False,True,D12,16465
2020,2020/08/19,1537,WARDEN AVE,Major Arterial,Scarborough,43.711974,-79.280963,Intersection,At Intersection,Traffic Signal,Clear,Daylight,Dry,Non-Fatal Injury,SMV Other,Driver,40 to 44,Major,False,False,True,False,False,False,False,False,False,False,D41,16466
2019,2019/10/15,457,LAMBTON AVE,Collector,Etobicoke York,43.682391,-79.491687,Intersection,Intersection Related,No Control,Clear,Daylight,Dry,Non-Fatal Injury,SMV Other,Driver,unknown,None,False,False,True,True,False,False,True,False,False,True,D12,16467
2020,2020/07/02,1255,PHARMACY AVE,Minor Arterial,Scarborough,43.781603,-79.320125,Intersection,At Intersection,Traffic Signal,Clear,Daylight,Dry,Non-Fatal Injury,Angle,Passenger,85 to 89,Minimal,False,False,True,False,False,True,False,True,False,False,D42,16468
2020,2020/04/03,2310,STEELES AVE W,Major Arterial,Etobicoke York,43.762202,-79.579898,Mid-Block,Non Intersection,No Control,Clear,"Dark, artificial",Wet,Fatal,Turning Movement,Driver,35 to 39,Minor,False,False,True,False,False,True,False,False,False,False,D23,16469
2021,2021/02/13,2203,MIDLAND  AVE,Minor Arterial,Scarborough,43.732051,-79.257068,Intersection,Intersection Related,No Control,Snow,Dark,Ice,Non-Fatal Injury,SMV Other,Passenger,35 to 39,Minor,False,False,True,False,False,True,True,False,False,False,D41,16470
2019,2019/12/28,1740,MARTIN GROVE RD,Major Arterial,Etobicoke York,43.691519,-79.570796,Intersection,At Intersection,Traffic Signal,Clear,Dark,Dry,Non-Fatal Injury,Pedestrian Collisions,Passenger,15 to 19,None,True,False,True,False,False,True,False,False,False,False,D23,16471
2020,2020/08/20,1535,SHEPPARD AVE W,Major Arterial,North York,43.744704,-79.486408,Intersection,At Intersection,Traffic Signal,Clear,Daylight,Dry,Non-Fatal Injury,Pedestrian Collisions,Driver,40 to 44,Minor,True,False,True,False,False,True,True,True,False,False,D31,16472
2019,2019/11/18,1830,MIDLAND AVE,Major Arterial,Etobicoke York,43.824183,-79.296489,Intersection,At Intersection,No Control,Rain,"Dark, artificial",Wet,Non-Fatal Injury,Pedestrian Collisions,Passenger,5 to 9,None,True,False,True,False,False,True,False,False,False,False,D42,16473
2020,2020/07/02,1255,PHARMACY AVE,Minor Arterial,Scarborough,43.781603,-79.320125,Intersection,At Intersection,Traffic Signal,Clear,Daylight,Dry,Non-Fatal Injury,Angle,Passenger,0 to 4,Minimal,False,False,True,False,False,True,False,True,False,False,D42,16474
2019,2019/10/15,1548,MCCOWAN RD,Major Arterial,Scarborough,43.725066,-79.232402,Intersection,At Intersection,Traffic Signal,Clear,Daylight,Dry,Non-Fatal Injury,Pedestrian Collisions,Driver,50 to 54,None,True,False,True,False,False,False,False,False,False,False,D43,16475
2021,2021/02/13,2203,MIDLAND  AVE,Minor Arterial,Scarborough,43.732051,-79.257068,Intersection,Intersection Related,No Control,Snow,Dark,Ice,Non-Fatal Injury,SMV Other,Passenger,20 to 24,Major,False,False,True,False,False,True,True,False,False,False,D41,16476
2019,2019/12/28,1740,MARTIN GROVE RD,Major Arterial,Etobicoke York,43.691519,-79.570796,Intersection,At Intersection,Traffic Signal,Clear,Dark,Dry,Non-Fatal Injury,Pedestrian Collisions,Pedestrian,50 to 54,Major,True,False,True,False,False,True,False,False,False,False,D23,16477
2020,2020/04/04,715,HINTON RD,Local,Etobicoke York,43.726561,-79.569522,Intersection,At Intersection,No Control,Clear,Daylight,Dry,Non-Fatal Injury,Cyclist Collisions,Driver,25 to 29,None,False,True,True,False,False,False,True,False,False,False,D23,16478
2019,2019/11/18,1830,MIDLAND AVE,Major Arterial,Etobicoke York,43.824183,-79.296489,Intersection,At Intersection,No Control,Rain,"Dark, artificial",Wet,Non-Fatal Injury,Pedestrian Collisions,Passenger,0 to 4,None,True,False,True,False,False,True,False,False,False,False,D42,16479
2020,2020/07/03,1703,BROADVIEW AVE,Minor Arterial,Toronto and East York,43.685908,-79.356258,Intersection,At Intersection,Traffic Signal,Clear,Daylight,Dry,Non-Fatal Injury,Turning Movement,Driver,25 to 29,None,False,False,True,True,False,True,False,False,False,False,D55,16480
2019,2019/10/15,1548,MCCOWAN RD,Major Arterial,Scarborough,43.725066,-79.232402,Intersection,At Intersection,Traffic Signal,Clear,Daylight,Dry,Non-Fatal Injury,Pedestrian Collisions,Pedestrian,10 to 14,Major,True,False,True,False,False,False,False,False,False,False,D43,16481
2020,2020/01/04,1850,EGLINTON AVE E,Major Arterial,North York,43.710967,-79.377116,Intersection,Intersection Related,Traffic Signal,Rain,Dark,Wet,Non-Fatal Injury,Pedestrian Collisions,Driver,75 to 79,None,True,False,True,False,False,False,False,False,False,False,D53,16482
2020,2020/08/20,1535,SHEPPARD AVE W,Major Arterial,North York,43.744704,-79.486408,Intersection,At Intersection,Traffic Signal,Clear,Daylight,Dry,Non-Fatal Injury,Pedestrian Collisions,Driver,45 to 49,Minimal,True,False,True,False,False,True,True,True,False,False,D31,16483
2020,2020/04/04,715,HINTON RD,Local,Etobicoke York,43.726561,-79.569522,Intersection,At Intersection,No Control,Clear,Daylight,Dry,Non-Fatal Injury,Cyclist Collisions,Cyclist,55 to 59,Major,False,True,True,False,False,False,True,False,False,False,D23,16484
2019,2019/11/20,951,WARDEN AVE,Major Arterial,Scarborough,43.748374,-79.29597,Intersection,At Intersection,No Control,Clear,Daylight,Dry,Non-Fatal Injury,Turning Movement,Driver,80 to 84,Minimal,False,False,True,False,False,False,False,False,False,False,D41,16485
2020,2020/07/03,1703,BROADVIEW AVE,Minor Arterial,Toronto and East York,43.685908,-79.356258,Intersection,At Intersection,Traffic Signal,Clear,Daylight,Dry,Non-Fatal Injury,Turning Movement,Motorcycle Driver,20 to 24,Major,False,False,True,True,False,True,False,False,False,False,D55,16486
2019,2019/10/15,1751,BAYVIEW AVE,Major Arterial,North York,43.709437,-79.376613,Mid-Block,Non Intersection,Pedestrian Crossover,Clear,Daylight,Dry,Non-Fatal Injury,Pedestrian Collisions,Driver,25 to 29,None,True,False,True,False,False,False,False,False,False,False,D53,16487
2021,2021/02/14,2320,STEELES AVE W,Major Arterial,North York,43.787211,-79.470042,Intersection,At Intersection,Traffic Signal,Clear,"Dark, artificial",Dry,Non-Fatal Injury,Angle,Driver,50 to 54,Major,False,False,True,False,False,True,True,True,False,False,D32,16488
2020,2020/08/20,1535,SHEPPARD AVE W,Major Arterial,North York,43.744704,-79.486408,Intersection,At Intersection,Traffic Signal,Clear,Daylight,Dry,Non-Fatal Injury,Pedestrian Collisions,Driver,50 to 54,Minor,True,False,True,False,False,True,True,True,False,False,D31,16489
2020,2020/04/04,917,KEELE ST,Major Arterial,North York,43.744704,-79.486408,Intersection,At Intersection,Traffic Signal,Clear,Daylight,Dry,Non-Fatal Injury,Angle,Driver,20 to 24,Major,False,False,True,False,False,True,False,True,False,False,D31,16490
2019,2019/11/20,951,WARDEN AVE,Major Arterial,Scarborough,43.748374,-79.29597,Intersection,At Intersection,No Control,Clear,Daylight,Dry,Non-Fatal Injury,Turning Movement,Driver,20 to 24,Major,False,False,True,False,False,False,False,False,False,False,D41,16491
2020,2020/07/03,1703,BROADVIEW AVE,Minor Arterial,Toronto and East York,43.685908,-79.356258,Intersection,At Intersection,Traffic Signal,Clear,Daylight,Dry,Non-Fatal Injury,Turning Movement,Passenger,25 to 29,None,False,False,True,True,False,True,False,False,False,False,D55,16492
2019,2019/10/15,1751,BAYVIEW AVE,Major Arterial,North York,43.709437,-79.376613,Mid-Block,Non Intersection,Pedestrian Crossover,Clear,Daylight,Dry,Non-Fatal Injury,Pedestrian Collisions,Pedestrian,75 to 79,Major,True,False,True,False,False,False,False,False,False,False,D53,16493
2020,2020/01/04,1850,EGLINTON AVE E,Major Arterial,North York,43.710967,-79.377116,Intersection,Intersection Related,Traffic Signal,Rain,Dark,Wet,Non-Fatal Injury,Pedestrian Collisions,Pedestrian,65 to 69,Major,True,False,True,False,False,False,False,False,False,False,D53,16494
2021,2021/02/14,2320,STEELES AVE W,Major Arterial,North York,43.787211,-79.470042,Intersection,At Intersection,Traffic Signal,Clear,"Dark, artificial",Dry,Non-Fatal Injury,Angle,Driver,40 to 44,None,False,False,True,False,False,True,True,True,False,False,D32,16495
2020,2020/08/20,1535,SHEPPARD AVE W,Major Arterial,North York,43.744704,-79.486408,Intersection,At Intersection,Traffic Signal,Clear,Daylight,Dry,Non-Fatal Injury,Pedestrian Collisions,Passenger,45 to 49,Minimal,True,False,True,False,False,True,True,True,False,False,D31,16496
2020,2020/04/04,917,KEELE ST,Major Arterial,North York,43.744704,-79.486408,Intersection,At Intersection,Traffic Signal,Clear,Daylight,Dry,Non-Fatal Injury,Angle,Driver,55 to 59,Minimal,False,False,True,False,False,True,False,True,False,False,D31,16497
2019,2019/11/21,1340,MCCOWAN RD,Major Arterial,Scarborough,43.811545,-79.269183,Intersection,At Intersection,Traffic Signal,Clear,Daylight,Wet,Fatal,Cyclist Collisions,Cyclist,65 to 69,Fatal,False,True,True,False,False,False,False,False,False,False,D42,16498
2020,2020/07/03,1703,BROADVIEW AVE,Minor Arterial,Toronto and East York,43.685908,-79.356258,Intersection,At Intersection,Traffic Signal,Clear,Daylight,Dry,Non-Fatal Injury,Turning Movement,Passenger,5 to 9,None,False,False,True,True,False,True,False,False,False,False,D55,16499
2020,2020/07/03,1920,ORMONT DR,Major Arterial,Etobicoke York,43.764804,-79.545314,Intersection,At Intersection,Traffic Signal,Clear,Daylight,Dry,Non-Fatal Injury,Angle,Driver,35 to 39,Minimal,False,False,True,True,False,False,True,True,False,False,D31,16500
2020,2020/01/04,2214,256 JARVIS ST,Major Arterial,Toronto and East York,43.659568,-79.37556,Mid-Block,Non Intersection,No Control,Clear,"Dark, artificial",Dry,Fatal,Pedestrian Collisions,Pedestrian,65 to 69,Fatal,True,False,True,False,False,False,False,False,False,False,D51,16501
2020,2020/08/20,1535,SHEPPARD AVE W,Major Arterial,North York,43.744704,-79.486408,Intersection,At Intersection,Traffic Signal,Clear,Daylight,Dry,Non-Fatal Injury,Pedestrian Collisions,Passenger,20 to 24,Major,True,False,True,False,False,True,True,True,False,False,D31,16502
2021,2021/02/14,2320,STEELES AVE W,Major Arterial,North York,43.787211,-79.470042,Intersection,At Intersection,Traffic Signal,Clear,"Dark, artificial",Dry,Non-Fatal Injury,Angle,Passenger,60 to 64,None,False,False,True,False,False,True,True,True,False,False,D32,16503
2020,2020/04/04,917,KEELE ST,Major Arterial,North York,43.744704,-79.486408,Intersection,At Intersection,Traffic Signal,Clear,Daylight,Dry,Non-Fatal Injury,Angle,Passenger,20 to 24,Major,False,False,True,False,False,True,False,True,False,False,D31,16504
2019,2019/11/21,1340,MCCOWAN RD,Major Arterial,Scarborough,43.811545,-79.269183,Intersection,At Intersection,Traffic Signal,Clear,Daylight,Wet,Fatal,Cyclist Collisions,Driver,80 to 84,None,False,True,True,False,False,False,False,False,False,False,D42,16505
2020,2020/04/23,1030,KEELE ST,Major Arterial,North York,43.726569,-79.482028,Intersection,At Intersection,Traffic Signal,Clear,Daylight,Dry,Non-Fatal Injury,Pedestrian Collisions,Driver,60 to 64,None,True,False,True,False,False,False,False,False,False,False,D31,16506
2019,2019/10/15,2216,GERRARD ST E,Minor Arterial,Toronto and East York,43.675856,-79.318065,Intersection,At Intersection,No Control,Clear,"Dark, artificial",Dry,Non-Fatal Injury,Cyclist Collisions,Driver,55 to 59,None,False,True,True,False,False,False,False,False,False,False,D55,16507
2020,2020/01/04,2214,256 JARVIS ST,Major Arterial,Toronto and East York,43.659568,-79.37556,Mid-Block,Non Intersection,No Control,Clear,"Dark, artificial",Dry,Fatal,Pedestrian Collisions,Driver,20 to 24,None,True,False,True,False,False,False,False,False,False,False,D51,16508
2020,2020/07/03,1920,ORMONT DR,Major Arterial,Etobicoke York,43.764804,-79.545314,Intersection,At Intersection,Traffic Signal,Clear,Daylight,Dry,Non-Fatal Injury,Angle,Motorcycle Driver,25 to 29,Major,False,False,True,True,False,False,True,True,False,False,D31,16509
2020,2020/08/20,1535,SHEPPARD AVE W,Major Arterial,North York,43.744704,-79.486408,Intersection,At Intersection,Traffic Signal,Clear,Daylight,Dry,Non-Fatal Injury,Pedestrian Collisions,Pedestrian,20 to 24,Minor,True,False,True,False,False,True,True,True,False,False,D31,16510
2020,2020/07/07,2030,SERGIO MARCHI  ST,Local,Etobicoke York,43.73004,-79.524013,Intersection,Intersection Related,No Control,Clear,"Dusk, artificial",Dry,Non-Fatal Injury,Pedestrian Collisions,Driver,25 to 29,None,True,False,True,False,False,False,False,False,False,False,D31,16511
2021,2021/02/14,2320,STEELES AVE W,Major Arterial,North York,43.787211,-79.470042,Intersection,At Intersection,Traffic Signal,Clear,"Dark, artificial",Dry,Non-Fatal Injury,Angle,Passenger,20 to 24,None,False,False,True,False,False,True,True,True,False,False,D32,16512
2019,2019/11/21,1800,EGLINTON AVE W,Major Arterial,Etobicoke York,43.686656,-79.490619,Intersection,At Intersection,No Control,Rain,"Dark, artificial",Wet,Non-Fatal Injury,Pedestrian Collisions,Driver,35 to 39,None,True,False,True,False,False,False,False,False,False,False,D12,16513
2020,2020/04/23,1030,KEELE ST,Major Arterial,North York,43.726569,-79.482028,Intersection,At Intersection,Traffic Signal,Clear,Daylight,Dry,Non-Fatal Injury,Pedestrian Collisions,Pedestrian,60 to 64,Major,True,False,True,False,False,False,False,False,False,False,D31,16514
2019,2019/10/15,2216,GERRARD ST E,Minor Arterial,Toronto and East York,43.675856,-79.318065,Intersection,At Intersection,No Control,Clear,"Dark, artificial",Dry,Non-Fatal Injury,Cyclist Collisions,Cyclist,30 to 34,Major,False,True,True,False,False,False,False,False,False,False,D55,16515
2020,2020/01/06,1555,DUNDAS ST W,Minor Arterial,Toronto and East York,43.649699,-79.43365,Intersection,At Intersection,Traffic Signal,Clear,"Dawn, artificial",Dry,Non-Fatal Injury,Pedestrian Collisions,Driver,50 to 54,None,True,False,True,False,False,False,False,False,False,False,D11,16516
2020,2020/08/20,1743,1602 BATHURST ST,Major Arterial,North York,43.688666,-79.420535,Mid-Block,Non Intersection,No Control,Clear,Daylight,Dry,Non-Fatal Injury,Pedestrian Collisions,Driver,20 to 24,None,True,False,True,False,False,False,False,False,False,False,D13,16517
2020,2020/07/07,2030,SERGIO MARCHI  ST,Local,Etobicoke York,43.73004,-79.524013,Intersection,Intersection Related,No Control,Clear,"Dusk, artificial",Dry,Non-Fatal Injury,Pedestrian Collisions,Pedestrian,30 to 34,Major,True,False,True,False,False,False,False,False,False,False,D31,16518
2021,2021/02/14,2320,STEELES AVE W,Major Arterial,North York,43.787211,-79.470042,Intersection,At Intersection,Traffic Signal,Clear,"Dark, artificial",Dry,Non-Fatal Injury,Angle,Passenger,20 to 24,None,False,False,True,False,False,True,True,True,False,False,D32,16519
2019,2019/11/21,1800,EGLINTON AVE W,Major Arterial,Etobicoke York,43.686656,-79.490619,Intersection,At Intersection,No Control,Rain,"Dark, artificial",Wet,Non-Fatal Injury,Pedestrian Collisions,Pedestrian,15 to 19,Major,True,False,True,False,False,False,False,False,False,False,D12,16520
2020,2020/04/23,1323,YONGE ST,Major Arterial,Toronto and East York,43.700225,-79.396999,Intersection,Intersection Related,Traffic Signal,Clear,Daylight,Dry,Non-Fatal Injury,Rear End,Driver,75 to 79,None,False,False,True,True,False,False,False,False,False,True,D53,16521
2019,2019/10/16,2251,DANFORTH AVE,Major Arterial,Toronto and East York,43.678198,-79.34827,Intersection,Intersection Related,No Control,Clear,"Dark, artificial",Dry,Non-Fatal Injury,Turning Movement,Motorcycle Driver,25 to 29,Major,False,False,True,True,False,False,True,False,False,False,D55,16522
2020,2020/01/06,1555,DUNDAS ST W,Minor Arterial,Toronto and East York,43.649699,-79.43365,Intersection,At Intersection,Traffic Signal,Clear,"Dawn, artificial",Dry,Non-Fatal Injury,Pedestrian Collisions,Pedestrian,75 to 79,Major,True,False,True,False,False,False,False,False,False,False,D11,16523
2020,2020/08/20,1743,1602 BATHURST ST,Major Arterial,North York,43.688666,-79.420535,Mid-Block,Non Intersection,No Control,Clear,Daylight,Dry,Non-Fatal Injury,Pedestrian Collisions,Pedestrian,30 to 34,Major,True,False,True,False,False,False,False,False,False,False,D13,16524
2020,2020/07/10,650,ENDSLEIGH CRES,Local,North York,43.781626,-79.335544,Intersection,At Intersection,No Control,Clear,Daylight,Dry,Non-Fatal Injury,Pedestrian Collisions,Driver,50 to 54,None,True,False,True,False,False,False,False,False,False,False,D33,16525
2020,2020/07/10,650,ENDSLEIGH CRES,Local,North York,43.781626,-79.335544,Intersection,At Intersection,No Control,Clear,Daylight,Dry,Non-Fatal Injury,Pedestrian Collisions,Pedestrian,75 to 79,Major,True,False,True,False,False,False,False,False,False,False,D33,16526
2019,2019/11/22,1352,LAWRENCE AVE W,Major Arterial,North York,43.722495,-79.414165,Intersection,Intersection Related,No Control,Clear,Daylight,Dry,Fatal,Pedestrian Collisions,Driver,50 to 54,None,True,False,True,False,False,False,False,False,False,False,D53,16527
2020,2020/04/23,1323,YONGE ST,Major Arterial,Toronto and East York,43.700225,-79.396999,Intersection,Intersection Related,Traffic Signal,Clear,Daylight,Dry,Non-Fatal Injury,Rear End,Motorcycle Driver,60 to 64,Major,False,False,True,True,False,False,False,False,False,True,D53,16528
2019,2019/10/16,2251,DANFORTH AVE,Major Arterial,Toronto and East York,43.678198,-79.34827,Intersection,Intersection Related,No Control,Clear,"Dark, artificial",Dry,Non-Fatal Injury,Turning Movement,Driver,35 to 39,None,False,False,True,True,False,False,True,False,False,False,D55,16529
2020,2020/01/07,1850,EGLINTON AVE E,Major Arterial,Scarborough,43.725577,-79.297481,Intersection,At Intersection,Traffic Signal,Clear,Dark,Dry,Non-Fatal Injury,Turning Movement,Driver,35 to 39,None,False,False,True,False,False,True,False,False,False,False,D41,16530
2020,2020/08/21,1417,JARVIS ST,Major Arterial,Toronto and East York,43.657691,-79.374805,Mid-Block,Non Intersection,No Control,Clear,Daylight,Dry,Non-Fatal Injury,Angle,Driver,25 to 29,None,False,False,True,True,False,False,False,False,False,False,D51,16531
2020,2020/01/07,1850,EGLINTON AVE E,Major Arterial,Scarborough,43.725577,-79.297481,Intersection,At Intersection,Traffic Signal,Clear,Dark,Dry,Non-Fatal Injury,Turning Movement,Driver,50 to 54,Minimal,False,False,True,False,False,True,False,False,False,False,D41,16532
2021,2021/02/14,2320,STEELES AVE W,Major Arterial,North York,43.787211,-79.470042,Intersection,At Intersection,Traffic Signal,Clear,"Dark, artificial",Dry,Non-Fatal Injury,Angle,Passenger,20 to 24,None,False,False,True,False,False,True,True,True,False,False,D32,16533
2020,2020/07/10,900,SPANBRIDGE RD,Collector,North York,43.71229,-79.324458,Mid-Block,Non Intersection,Stop Sign,Clear,Daylight,Dry,Non-Fatal Injury,Pedestrian Collisions,Driver,50 to 54,None,True,False,True,False,False,False,False,False,False,False,D55,16534
2019,2019/11/22,1352,LAWRENCE AVE W,Major Arterial,North York,43.722495,-79.414165,Intersection,Intersection Related,No Control,Clear,Daylight,Dry,Fatal,Pedestrian Collisions,Pedestrian,90 to 94,Fatal,True,False,True,False,False,False,False,False,False,False,D53,16535
2020,2020/04/24,1345,347 MORNINGSIDE AVE,Major Arterial,Scarborough,43.775935,-79.18922,Mid-Block,At/Near Private Drive,No Control,Clear,Daylight,Dry,Non-Fatal Injury,Turning Movement,Cyclist,55 to 59,Major,False,True,True,False,False,False,False,False,False,False,D43,16536
2019,2019/11/22,2135,PHARMACY AVE,Minor Arterial,Scarborough,43.737342,-79.302242,Intersection,At Intersection,Traffic Signal,Clear,"Dark, artificial",Dry,Non-Fatal Injury,Pedestrian Collisions,Driver,unknown,None,True,False,True,False,False,False,False,False,False,False,D41,16537
2020,2020/08/21,1417,JARVIS ST,Major Arterial,Toronto and East York,43.657691,-79.374805,Mid-Block,Non Intersection,No Control,Clear,Daylight,Dry,Non-Fatal Injury,Angle,Motorcycle Driver,60 to 64,Major,False,False,True,True,False,False,False,False,False,False,D51,16538
2020,2020/01/07,1850,EGLINTON AVE E,Major Arterial,Scarborough,43.725577,-79.297481,Intersection,At Intersection,Traffic Signal,Clear,Dark,Dry,Non-Fatal Injury,Turning Movement,Passenger,20 to 24,Major,False,False,True,False,False,True,False,False,False,False,D41,16539
2021,2021/02/16,1434,ST CLAIR AVE E,Major Arterial,Scarborough,43.70978,-79.290897,Intersection,Intersection Related,Traffic Signal,Snow,Daylight,Wet,Non-Fatal Injury,Rear End,Driver,65 to 69,Major,False,False,True,False,False,False,False,False,False,True,D41,16540
2020,2020/07/10,900,SPANBRIDGE RD,Collector,North York,43.71229,-79.324458,Mid-Block,Non Intersection,Stop Sign,Clear,Daylight,Dry,Non-Fatal Injury,Pedestrian Collisions,Pedestrian,65 to 69,Major,True,False,True,False,False,False,False,False,False,False,D55,16541
2019,2019/10/19,248,CABERNET CRCL,Collector,Etobicoke York,43.755912,-79.604396,Intersection,Intersection Related,No Control,Clear,"Dark, artificial",Dry,Non-Fatal Injury,Pedestrian Collisions,Driver,20 to 24,None,True,False,True,False,False,True,False,False,True,False,D23,16542
2020,2020/04/24,1345,347 MORNINGSIDE AVE,Major Arterial,Scarborough,43.775935,-79.18922,Mid-Block,At/Near Private Drive,No Control,Clear,Daylight,Dry,Non-Fatal Injury,Turning Movement,Driver,15 to 19,None,False,True,True,False,False,False,False,False,False,False,D43,16543
2020,2020/08/23,421,ST CLAIR AVE E,Major Arterial,Scarborough,43.716452,-79.261302,Intersection,At Intersection,Traffic Signal,Clear,"Dark, artificial",Dry,Non-Fatal Injury,Cyclist Collisions,Driver,unknown,None,False,True,False,False,False,False,False,False,False,False,D41,16544
2021,2021/02/16,1434,ST CLAIR AVE E,Major Arterial,Scarborough,43.70978,-79.290897,Intersection,Intersection Related,Traffic Signal,Snow,Daylight,Wet,Non-Fatal Injury,Rear End,Driver,40 to 44,Minor,False,False,True,False,False,False,False,False,False,True,D41,16545
2019,2019/11/22,2135,PHARMACY AVE,Minor Arterial,Scarborough,43.737342,-79.302242,Intersection,At Intersection,Traffic Signal,Clear,"Dark, artificial",Dry,Non-Fatal Injury,Pedestrian Collisions,Pedestrian,35 to 39,Major,True,False,True,False,False,False,False,False,False,False,D41,16546
2020,2020/01/09,1100,MARTIN GROVE RD,Major Arterial,Etobicoke York,43.701876,-79.575588,Intersection,At Intersection,Traffic Signal,Clear,Daylight,Dry,Non-Fatal Injury,Angle,Driver,45 to 49,None,False,False,True,False,False,False,True,True,False,False,D23,16547