YEAR,DATE,TIME,STREET1,ROAD_CLASS,DISTRICT,LATITUDE,LONGITUDE,LOCCOORD,ACCLOC,TRAFFCTL,VISIBILITY,LIGHT,RDSFCOND,ACCLASS,IMPACTYPE,INVTYPE,INVAGE,INJURY,PEDESTRIAN,CYCLIST,AUTOMOBILE,MOTORCYCLE,TRUCK,PASSENGER,SPEEDING,REDLIGHT,ALCOHOL,DISABILITY,DIVISION,Record_ID
2019,2019/12/01,2010,LAWRENCE AVE E,Major Arterial,Scarborough,43.745898,-79.292285,Intersection,At Intersection,No Control,Snow,"Dark, artificial",Loose Snow,Non-Fatal Injury,Rear End,Passenger,30 to 34,None,False,False,True,False,False,True,True,False,False,False,D41,16745
2021,2021/03/18,1056,GREENWIN VILLAGE RD,Collector,North York,43.790755,-79.444835,Mid-Block,At/Near Private Drive,No Control,Clear,Daylight,Dry,Non-Fatal Injury,Pedestrian Collisions,Pedestrian,60 to 64,Major,True,False,True,False,False,False,False,False,False,False,D32,16746
2020,2020/05/13,945,LAWRENCE AVE E,Minor Arterial,Scarborough,43.771643,-79.171214,Mid-Block,Non Intersection,No Control,Clear,Daylight,Dry,Fatal,Pedestrian Collisions,Driver,35 to 39,None,True,False,True,False,False,False,False,False,False,False,D43,16747
2020,2020/09/04,2030,WILSON  AVE,Major Arterial,North York,43.739798,-79.421603,Intersection,Intersection Related,Traffic Signal,Clear,Daylight,Dry,Non-Fatal Injury,Pedestrian Collisions,Truck Driver,70 to 74,None,True,False,True,False,True,False,False,False,False,False,D32,16748
2020,2020/07/26,2119,881 SHEPPARD AVE W,Major Arterial,North York,43.751918,-79.455127,Mid-Block,Non Intersection,No Control,Clear,"Dark, artificial",Dry,Fatal,Pedestrian Collisions,Driver,25 to 29,None,True,False,True,False,False,False,True,False,False,False,D32,16749
2020,2020/01/17,1915,MALLINGHAM CRT,Major Arterial,North York,43.767485,-79.388225,Intersection,At Intersection,Stop Sign,Clear,Daylight,Dry,Non-Fatal Injury,Rear End,Driver,30 to 34,Major,False,False,True,False,False,True,False,False,False,False,D33,16750
2019,2019/10/30,304,RICHMOND ST E,Major Arterial,Toronto and East York,43.652632,-79.372791,Intersection,At Intersection,Traffic Signal,Clear,"Dark, artificial",Dry,Non-Fatal Injury,Pedestrian Collisions,Driver,55 to 59,None,True,False,True,False,False,False,False,False,False,False,D51,16751
2019,2019/12/01,2010,LAWRENCE AVE E,Major Arterial,Scarborough,43.745898,-79.292285,Intersection,At Intersection,No Control,Snow,"Dark, artificial",Loose Snow,Non-Fatal Injury,Rear End,Passenger,30 to 34,Minimal,False,False,True,False,False,True,True,False,False,False,D41,16752
2021,2021/03/18,1515,204 CLEVELAND ST,Collector,Toronto and East York,43.705317,-79.378703,Mid-Block,Non Intersection,No Control,Clear,Daylight,Dry,Non-Fatal Injury,Pedestrian Collisions,Driver,80 to 84,None,True,False,True,False,False,False,False,False,False,False,D53,16753
2020,2020/05/13,945,LAWRENCE AVE E,Minor Arterial,Scarborough,43.771643,-79.171214,Mid-Block,Non Intersection,No Control,Clear,Daylight,Dry,Fatal,Pedestrian Collisions,Pedestrian,75 to 79,Fatal,True,False,True,False,False,False,False,False,False,False,D43,16754
2020,2020/09/04,2030,WILSON  AVE,Major Arterial,North York,43.739798,-79.421603,Intersection,Intersection Related,Traffic Signal,Clear,Daylight,Dry,Non-Fatal Injury,Pedestrian Collisions,Pedestrian,80 to 84,Major,True,False,True,False,True,False,False,False,False,False,D32,16755
2020,2020/01/17,1915,MALLINGHAM CRT,Major Arterial,North York,43.767485,-79.388225,Intersection,At Intersection,Stop Sign,Clear,Daylight,Dry,Non-Fatal Injury,Rear End,Passenger,25 to 29,None,False,False,True,False,False,True,False,False,False,False,D33,16756
2020,2020/07/26,2119,881 SHEPPARD AVE W,Major Arterial,North York,43.751918,-79.455127,Mid-Block,Non Intersection,No Control,Clear,"Dark, artificial",Dry,Fatal,Pedestrian Collisions,Pedestrian,25 to 29,Fatal,True,False,True,False,False,False,True,False,False,False,D32,16757
2019,2019/10/30,304,RICHMOND ST E,Major Arterial,Toronto and East York,43.652632,-79.372791,Intersection,At Intersection,Traffic Signal,Clear,"Dark, artificial",Dry,Non-Fatal Injury,Pedestrian Collisions,Pedestrian,60 to 64,Major,True,False,True,False,False,False,False,False,False,False,D51,16758
2019,2019/12/01,2010,LAWRENCE AVE E,Major Arterial,Scarborough,43.745898,-79.292285,Intersection,At Intersection,No Control,Snow,"Dark, artificial",Loose Snow,Non-Fatal Injury,Rear End,Passenger,35 to 39,None,False,False,True,False,False,True,True,False,False,False,D41,16759
2021,2021/03/18,1515,204 CLEVELAND ST,Collector,Toronto and East York,43.705317,-79.378703,Mid-Block,Non Intersection,No Control,Clear,Daylight,Dry,Non-Fatal Injury,Pedestrian Collisions,Pedestrian,5 to 9,Major,True,False,True,False,False,False,False,False,False,False,D53,16760
2020,2020/05/13,945,LAWRENCE AVE E,Minor Arterial,Scarborough,43.771643,-79.171214,Mid-Block,Non Intersection,No Control,Clear,Daylight,Dry,Fatal,Pedestrian Collisions,Other,unknown,Minor,True,False,True,False,False,False,False,False,False,False,D43,16761
2020,2020/01/17,2140,THE EAST MALL,Minor Arterial,Etobicoke York,43.622786,-79.549739,Intersection,At Intersection,No Control,Clear,"Dark, artificial",Dry,Non-Fatal Injury,Sideswipe,Driver,30 to 34,Major,False,False,True,False,False,False,False,False,True,False,D22,16762
2020,2020/07/28,700,STANLEY AVE,Local,Etobicoke York,43.614997,-79.494197,Intersection,Intersection Related,Stop Sign,Clear,Daylight,Dry,Fatal,Pedestrian Collisions,Pedestrian,80 to 84,Fatal,True,False,True,False,False,False,False,False,False,False,D22,16763
2019,2019/10/30,2006,MCNICOLL AVE,Major Arterial,Scarborough,43.81787,-79.271938,Intersection,At Intersection,Traffic Signal,Rain,"Dark, artificial",Wet,Non-Fatal Injury,Pedestrian Collisions,Driver,35 to 39,None,True,False,True,False,False,True,False,False,False,False,D42,16764
2019,2019/12/03,1030,MARKHAM  RD,Major Arterial,Scarborough,43.812899,-79.243037,Intersection,Intersection Related,Traffic Signal,Clear,Daylight,Wet,Non-Fatal Injury,Pedestrian Collisions,Driver,55 to 59,None,True,False,True,False,False,False,False,False,False,False,D42,16765
2021,2021/03/19,722,FINCH AVE W,Major Arterial,Etobicoke York,43.734969,-79.617831,Intersection,Intersection Related,No Control,Clear,Daylight,Dry,Non-Fatal Injury,Pedestrian Collisions,Driver,50 to 54,None,True,False,True,False,False,False,False,False,False,False,D23,16766
2020,2020/05/13,945,LAWRENCE AVE E,Minor Arterial,Scarborough,43.771643,-79.171214,Mid-Block,Non Intersection,No Control,Clear,Daylight,Dry,Fatal,Pedestrian Collisions,Other,unknown,Minor,True,False,True,False,False,False,False,False,False,False,D43,16767
2021,2021/03/19,722,FINCH AVE W,Major Arterial,Etobicoke York,43.734969,-79.617831,Intersection,Intersection Related,No Control,Clear,Daylight,Dry,Non-Fatal Injury,Pedestrian Collisions,Pedestrian,15 to 19,Major,True,False,True,False,False,False,False,False,False,False,D23,16768
2020,2020/09/04,2146,AVENUE RD,Major Arterial,Toronto and East York,43.668646,-79.394099,Intersection,At Intersection,Traffic Signal,Clear,Dark,Dry,Non-Fatal Injury,Turning Movement,Driver,25 to 29,Major,False,False,True,True,False,False,True,False,False,False,D52,16769
2020,2020/01/17,2140,THE EAST MALL,Minor Arterial,Etobicoke York,43.622786,-79.549739,Intersection,At Intersection,No Control,Clear,"Dark, artificial",Dry,Non-Fatal Injury,Sideswipe,Driver,40 to 44,Minor,False,False,True,False,False,False,False,False,True,False,D22,16770
2020,2020/07/28,700,STANLEY AVE,Local,Etobicoke York,43.614997,-79.494197,Intersection,Intersection Related,Stop Sign,Clear,Daylight,Dry,Fatal,Pedestrian Collisions,Driver,65 to 69,Minimal,True,False,True,False,False,False,False,False,False,False,D22,16771
2019,2019/10/30,2006,MCNICOLL AVE,Major Arterial,Scarborough,43.81787,-79.271938,Intersection,At Intersection,Traffic Signal,Rain,"Dark, artificial",Wet,Non-Fatal Injury,Pedestrian Collisions,Pedestrian,75 to 79,Major,True,False,True,False,False,True,False,False,False,False,D42,16772
2020,2020/07/28,845,MIDLAND  AVE,Major Arterial,Scarborough,43.820635,-79.294894,Intersection,At Intersection,Traffic Signal,Clear,Daylight,Dry,Non-Fatal Injury,Pedestrian Collisions,Driver,55 to 59,None,True,False,True,False,False,False,False,False,False,False,D42,16773
2020,2020/05/14,1149,EGLINTON AVE E,Major Arterial,Scarborough,43.743876,-79.215534,Intersection,Intersection Related,Traffic Signal,Clear,Daylight,Dry,Non-Fatal Injury,Pedestrian Collisions,Pedestrian,10 to 14,Major,True,False,False,False,False,False,False,False,False,False,D43,16774
2020,2020/09/04,2146,AVENUE RD,Major Arterial,Toronto and East York,43.668646,-79.394099,Intersection,At Intersection,Traffic Signal,Clear,Dark,Dry,Non-Fatal Injury,Turning Movement,Motorcycle Driver,30 to 34,None,False,False,True,True,False,False,True,False,False,False,D52,16776
2020,2020/01/18,955,ALBION RD,Major Arterial,Etobicoke York,43.745425,-79.61423,Intersection,At Intersection,Traffic Signal,Snow,Daylight,Wet,Non-Fatal Injury,SMV Other,Driver,60 to 64,Major,False,False,True,False,False,False,False,False,False,True,D23,16777
2019,2019/12/03,1030,MARKHAM  RD,Major Arterial,Scarborough,43.812899,-79.243037,Intersection,Intersection Related,Traffic Signal,Clear,Daylight,Wet,Non-Fatal Injury,Pedestrian Collisions,Pedestrian,70 to 74,Major,True,False,True,False,False,False,False,False,False,False,D42,16778
2019,2019/10/30,2006,MCNICOLL AVE,Major Arterial,Scarborough,43.81787,-79.271938,Intersection,At Intersection,Traffic Signal,Rain,"Dark, artificial",Wet,Non-Fatal Injury,Pedestrian Collisions,Passenger,5 to 9,None,True,False,True,False,False,True,False,False,False,False,D42,16779
2020,2020/09/04,2314,LAWRENCE AVE E,Major Arterial,Scarborough,43.768134,-79.187076,Mid-Block,Non Intersection,No Control,Clear,"Dark, artificial",Dry,Non-Fatal Injury,Pedestrian Collisions,Driver,20 to 24,None,True,False,True,False,False,False,False,False,False,False,D43,16780
2020,2020/07/28,845,MIDLAND  AVE,Major Arterial,Scarborough,43.820635,-79.294894,Intersection,At Intersection,Traffic Signal,Clear,Daylight,Dry,Non-Fatal Injury,Pedestrian Collisions,Pedestrian,60 to 64,Major,True,False,True,False,False,False,False,False,False,False,D42,16781
2020,2020/05/14,1149,EGLINTON AVE E,Major Arterial,Scarborough,43.743876,-79.215534,Intersection,Intersection Related,Traffic Signal,Clear,Daylight,Dry,Non-Fatal Injury,Pedestrian Collisions,Pedestrian,35 to 39,Minor,True,False,False,False,False,False,False,False,False,False,D43,16782
2020,2020/01/20,940,F G GARDINER XY  W,Expressway,Toronto and East York,43.644503,-79.375179,Mid-Block,Non Intersection,No Control,Clear,Daylight,Dry,Non-Fatal Injury,SMV Other,Driver,60 to 64,Major,False,False,True,False,False,False,False,False,False,True,D51,16783
2020,2020/05/14,1149,EGLINTON AVE E,Major Arterial,Scarborough,43.743876,-79.215534,Intersection,Intersection Related,Traffic Signal,Clear,Daylight,Dry,Non-Fatal Injury,Pedestrian Collisions,Pedestrian,50 to 54,Minor,True,False,False,False,False,False,False,False,False,False,D43,16784
2019,2019/12/06,1720,3680 KEELE ST,Major Arterial,North York,43.753894,-79.488605,Mid-Block,Non Intersection,No Control,Clear,Dark,Wet,Fatal,Pedestrian Collisions,Pedestrian,75 to 79,Fatal,True,False,True,False,False,False,False,False,False,False,D31,16785
2019,2019/10/30,2015,39 HOWDEN  RD,Collector,Scarborough,43.750472,-79.289478,Mid-Block,Non Intersection,No Control,Rain,"Dark, artificial",Wet,Fatal,Pedestrian Collisions,Pedestrian,55 to 59,Fatal,True,False,True,False,False,False,False,False,False,False,D41,16786
2020,2020/09/04,2314,LAWRENCE AVE E,Major Arterial,Scarborough,43.768134,-79.187076,Mid-Block,Non Intersection,No Control,Clear,"Dark, artificial",Dry,Non-Fatal Injury,Pedestrian Collisions,Pedestrian,25 to 29,Major,True,False,True,False,False,False,False,False,False,False,D43,16788
2020,2020/07/30,953,746 OSSINGTON AVE,Minor Arterial,Toronto and East York,43.662532,-79.425884,Mid-Block,At/Near Private Drive,No Control,Clear,Daylight,Dry,Non-Fatal Injury,Pedestrian Collisions,Driver,40 to 44,None,True,False,False,False,False,False,False,False,False,False,D14,16789
2020,2020/01/20,940,F G GARDINER XY  W,Expressway,Toronto and East York,43.644503,-79.375179,Mid-Block,Non Intersection,No Control,Clear,Daylight,Dry,Non-Fatal Injury,SMV Other,Driver,30 to 34,None,False,False,True,False,False,False,False,False,False,True,D51,16790
2020,2020/09/06,433,WESTON RD,Major Arterial,Etobicoke York,43.753264,-79.542667,Intersection,Intersection Related,Traffic Signal,Clear,"Dark, artificial",Dry,Non-Fatal Injury,Pedestrian Collisions,Driver,40 to 44,None,True,False,True,False,False,False,True,False,False,False,D31,16791
2019,2019/12/06,1720,3680 KEELE ST,Major Arterial,North York,43.753894,-79.488605,Mid-Block,Non Intersection,No Control,Clear,Dark,Wet,Fatal,Pedestrian Collisions,Driver,25 to 29,None,True,False,True,False,False,False,False,False,False,False,D31,16792
2020,2020/05/16,1752,RATHBURN RD,Minor Arterial,Etobicoke York,43.650893,-79.58118,Intersection,At Intersection,No Control,Clear,Daylight,Dry,Non-Fatal Injury,SMV Other,Motorcycle Driver,20 to 24,Major,False,False,False,True,False,False,True,False,False,False,D22,16793
2019,2019/12/06,1800,EGLINTON AVE E,Major Arterial,North York,43.714533,-79.359782,Intersection,At Intersection,Traffic Signal,Snow,"Dark, artificial",Wet,Non-Fatal Injury,Pedestrian Collisions,Driver,45 to 49,None,True,False,True,False,False,False,False,False,False,False,D53,16794
2019,2019/10/30,2015,39 HOWDEN  RD,Collector,Scarborough,43.750472,-79.289478,Mid-Block,Non Intersection,No Control,Rain,"Dark, artificial",Wet,Fatal,Pedestrian Collisions,Driver,25 to 29,None,True,False,True,False,False,False,False,False,False,False,D41,16795
2020,2020/07/30,953,746 OSSINGTON AVE,Minor Arterial,Toronto and East York,43.662532,-79.425884,Mid-Block,At/Near Private Drive,No Control,Clear,Daylight,Dry,Non-Fatal Injury,Pedestrian Collisions,Pedestrian,70 to 74,Major,True,False,False,False,False,False,False,False,False,False,D14,16797
2020,2020/01/20,1658,ISLINGTON AVE,Major Arterial,Etobicoke York,43.662558,-79.531223,Intersection,Intersection Related,No Control,Clear,Daylight,Loose Snow,Non-Fatal Injury,Pedestrian Collisions,Driver,45 to 49,None,True,False,False,False,False,False,False,False,False,False,D22,16798
2020,2020/09/06,433,WESTON RD,Major Arterial,Etobicoke York,43.753264,-79.542667,Intersection,Intersection Related,Traffic Signal,Clear,"Dark, artificial",Dry,Non-Fatal Injury,Pedestrian Collisions,Pedestrian,25 to 29,Major,True,False,True,False,False,False,True,False,False,False,D31,16799
2020,2020/05/19,920,QUEEN ST E,Minor Arterial,Toronto and East York,43.660987,-79.340053,Intersection,At Intersection,Traffic Signal,Clear,Daylight,Dry,Non-Fatal Injury,Angle,Driver,45 to 49,Major,False,False,True,False,False,False,False,False,False,True,D55,16800
2020,2020/09/06,1100,ROGERS RD,Minor Arterial,Etobicoke York,43.684645,-79.449245,Intersection,At Intersection,No Control,Clear,Daylight,Dry,Non-Fatal Injury,Rear End,Motorcycle Driver,50 to 54,Major,False,False,True,True,False,False,False,False,False,False,D13,16801
2020,2020/01/20,1658,ISLINGTON AVE,Major Arterial,Etobicoke York,43.662558,-79.531223,Intersection,Intersection Related,No Control,Clear,Daylight,Loose Snow,Non-Fatal Injury,Pedestrian Collisions,Pedestrian,15 to 19,Major,True,False,False,False,False,False,False,False,False,False,D22,16802
2019,2019/12/06,1800,EGLINTON AVE E,Major Arterial,North York,43.714533,-79.359782,Intersection,At Intersection,Traffic Signal,Snow,"Dark, artificial",Wet,Non-Fatal Injury,Pedestrian Collisions,Pedestrian,55 to 59,Major,True,False,True,False,False,False,False,False,False,False,D53,16803
2019,2019/11/01,1825,SPADINA RD,Minor Arterial,Etobicoke York,43.675864,-79.407459,Intersection,At Intersection,Stop Sign,Clear,Dusk,Dry,Non-Fatal Injury,Pedestrian Collisions,Driver,25 to 29,None,True,False,True,False,False,False,False,False,False,False,D53,16804
2020,2020/07/30,1340,SPADINA AVE,Major Arterial,Scarborough,43.657874,-79.400012,Intersection,At Intersection,Traffic Signal,Clear,Daylight,Dry,Non-Fatal Injury,Cyclist Collisions,Cyclist,20 to 24,Major,False,True,True,False,False,False,False,False,False,False,D52,16805
2021,2021/03/21,1515,ORIOLE PKWY,Major Arterial,Toronto and East York,43.694503,-79.402149,Intersection,Intersection Related,No Control,Clear,Daylight,Dry,Non-Fatal Injury,SMV Other,Motorcycle Driver,50 to 54,Major,False,False,False,True,False,False,False,False,False,False,D53,16806
2020,2020/07/30,1340,SPADINA AVE,Major Arterial,Scarborough,43.657874,-79.400012,Intersection,At Intersection,Traffic Signal,Clear,Daylight,Dry,Non-Fatal Injury,Cyclist Collisions,Driver,45 to 49,None,False,True,True,False,False,False,False,False,False,False,D52,16807
2020,2020/05/19,920,QUEEN ST E,Minor Arterial,Toronto and East York,43.660987,-79.340053,Intersection,At Intersection,Traffic Signal,Clear,Daylight,Dry,Non-Fatal Injury,Angle,Driver,40 to 44,None,False,False,True,False,False,False,False,False,False,True,D55,16808
2020,2020/09/06,1100,ROGERS RD,Minor Arterial,Etobicoke York,43.684645,-79.449245,Intersection,At Intersection,No Control,Clear,Daylight,Dry,Non-Fatal Injury,Rear End,Driver,25 to 29,None,False,False,True,True,False,False,False,False,False,False,D13,16809
2020,2020/01/21,701,ALNESS ST,Minor Arterial,North York,43.776736,-79.474407,Intersection,At Intersection,Traffic Signal,Clear,"Dark, artificial",Dry,Fatal,Pedestrian Collisions,Truck Driver,50 to 54,None,True,False,False,False,True,False,False,False,False,False,D32,16810
2019,2019/12/08,1205,DANFORTH AVE,Major Arterial,Scarborough,43.691786,-79.285472,Intersection,At Intersection,Stop Sign,Clear,Daylight,Dry,Non-Fatal Injury,Turning Movement,Driver,35 to 39,None,False,False,True,True,False,False,True,False,False,False,D41,16811
2019,2019/11/01,1825,SPADINA RD,Minor Arterial,Etobicoke York,43.675864,-79.407459,Intersection,At Intersection,Stop Sign,Clear,Dusk,Dry,Non-Fatal Injury,Pedestrian Collisions,Pedestrian,45 to 49,Major,True,False,True,False,False,False,False,False,False,False,D53,16812
2021,2021/03/23,1218,BURNHAMTHORPE RD,Major Arterial,Etobicoke York,43.639132,-79.584323,Intersection,At Intersection,Traffic Signal,Clear,Daylight,Dry,Non-Fatal Injury,Turning Movement,Driver,15 to 19,Major,False,False,True,False,False,True,False,False,False,False,D22,16813
2021,2021/03/23,1218,BURNHAMTHORPE RD,Major Arterial,Etobicoke York,43.639132,-79.584323,Intersection,At Intersection,Traffic Signal,Clear,Daylight,Dry,Non-Fatal Injury,Turning Movement,Driver,30 to 34,None,False,False,True,False,False,True,False,False,False,False,D22,16814
2020,2020/05/19,1040,LAWRENCE AVE E,Major Arterial,Scarborough,43.749427,-79.274898,Intersection,At Intersection,Traffic Signal,Clear,Daylight,Dry,Fatal,Sideswipe,Driver,55 to 59,Fatal,False,False,True,False,False,False,False,False,False,False,D41,16815
2020,2020/09/07,1,KINGSTON RD,Major Arterial,Scarborough,43.733206,-79.223132,Mid-Block,Non Intersection,No Control,Clear,"Dark, artificial",Dry,Non-Fatal Injury,Rear End,Driver,60 to 64,None,False,False,True,True,False,False,False,False,False,False,D43,16816
2020,2020/01/21,701,ALNESS ST,Minor Arterial,North York,43.776736,-79.474407,Intersection,At Intersection,Traffic Signal,Clear,"Dark, artificial",Dry,Fatal,Pedestrian Collisions,Pedestrian,25 to 29,Fatal,True,False,False,False,True,False,False,False,False,False,D32,16817
2019,2019/12/08,1205,DANFORTH AVE,Major Arterial,Scarborough,43.691786,-79.285472,Intersection,At Intersection,Stop Sign,Clear,Daylight,Dry,Non-Fatal Injury,Turning Movement,Motorcycle Driver,40 to 44,Major,False,False,True,True,False,False,True,False,False,False,D41,16818
2019,2019/11/01,1941,GERRARD ST E,Minor Arterial,Toronto and East York,43.669177,-79.335567,Intersection,At Intersection,Traffic Signal,Clear,"Dark, artificial",Dry,Non-Fatal Injury,Cyclist Collisions,Cyclist,40 to 44,Major,False,True,True,False,False,True,False,False,False,False,D55,16819
2020,2020/07/30,1950,ISLINGTON AVE,Major Arterial,Etobicoke York,43.644576,-79.523395,Intersection,At Intersection,Traffic Signal,Clear,Daylight,Dry,Non-Fatal Injury,Turning Movement,Driver,45 to 49,None,False,False,True,True,False,False,False,False,False,False,D22,16820
2019,2019/12/08,1205,DANFORTH AVE,Major Arterial,Scarborough,43.691786,-79.285472,Intersection,At Intersection,Stop Sign,Clear,Daylight,Dry,Non-Fatal Injury,Turning Movement,Driver,45 to 49,None,False,False,True,True,False,False,True,False,False,False,D41,16821
2020,2020/01/21,1900,OAKWOOD AVE,Minor Arterial,North York,43.69258,-79.44083,Intersection,At Intersection,Traffic Signal,Clear,"Dark, artificial",Wet,Non-Fatal Injury,Turning Movement,Driver,65 to 69,Major,False,False,True,False,False,False,False,False,False,False,D13,16822
2021,2021/03/23,1218,BURNHAMTHORPE RD,Major Arterial,Etobicoke York,43.639132,-79.584323,Intersection,At Intersection,Traffic Signal,Clear,Daylight,Dry,Non-Fatal Injury,Turning Movement,Passenger,10 to 14,None,False,False,True,False,False,True,False,False,False,False,D22,16823
2020,2020/05/19,1040,LAWRENCE AVE E,Major Arterial,Scarborough,43.749427,-79.274898,Intersection,At Intersection,Traffic Signal,Clear,Daylight,Dry,Fatal,Sideswipe,Driver,30 to 34,Minimal,False,False,True,False,False,False,False,False,False,False,D41,16824
2021,2021/03/23,1218,BURNHAMTHORPE RD,Major Arterial,Etobicoke York,43.639132,-79.584323,Intersection,At Intersection,Traffic Signal,Clear,Daylight,Dry,Non-Fatal Injury,Turning Movement,Passenger,10 to 14,None,False,False,True,False,False,True,False,False,False,False,D22,16825
2020,2020/09/07,1,KINGSTON RD,Major Arterial,Scarborough,43.733206,-79.223132,Mid-Block,Non Intersection,No Control,Clear,"Dark, artificial",Dry,Non-Fatal Injury,Rear End,Motorcycle Driver,50 to 54,Major,False,False,True,True,False,False,False,False,False,False,D43,16826
2019,2019/11/01,1941,GERRARD ST E,Minor Arterial,Toronto and East York,43.669177,-79.335567,Intersection,At Intersection,Traffic Signal,Clear,"Dark, artificial",Dry,Non-Fatal Injury,Cyclist Collisions,Driver,35 to 39,None,False,True,True,False,False,True,False,False,False,False,D55,16827
2020,2020/07/30,1950,ISLINGTON AVE,Major Arterial,Etobicoke York,43.644576,-79.523395,Intersection,At Intersection,Traffic Signal,Clear,Daylight,Dry,Non-Fatal Injury,Turning Movement,Motorcycle Driver,25 to 29,Major,False,False,True,True,False,False,False,False,False,False,D22,16828
2019,2019/12/09,1732,DANFORTH AVE,Major Arterial,Toronto and East York,43.677722,-79.350711,Intersection,At Intersection,Stop Sign,Clear,"Dark, artificial",Wet,Non-Fatal Injury,Pedestrian Collisions,Driver,25 to 29,None,True,False,True,False,False,True,False,False,False,False,D55,16829
2020,2020/01/21,1900,OAKWOOD AVE,Minor Arterial,North York,43.69258,-79.44083,Intersection,At Intersection,Traffic Signal,Clear,"Dark, artificial",Wet,Non-Fatal Injury,Turning Movement,Driver,55 to 59,None,False,False,True,False,False,False,False,False,False,False,D13,16830
2021,2021/03/24,550,HENLEY CRES,Major Arterial,Etobicoke York,43.730448,-79.575794,Intersection,Intersection Related,Traffic Signal,Clear,"Dark, artificial",Dry,Non-Fatal Injury,Pedestrian Collisions,Driver,55 to 59,None,True,False,True,False,False,False,False,False,False,False,D23,16831
2020,2020/05/19,1952,BURNHAMTHORPE RD,Major Arterial,Etobicoke York,43.639434,-79.583965,Mid-Block,Non Intersection,No Control,Clear,Daylight,Dry,Fatal,SMV Other,Motorcycle Driver,60 to 64,Fatal,False,False,False,True,False,False,False,False,False,False,D22,16832
2020,2020/09/10,2240,BLOOR ST E,Major Arterial,Toronto and East York,43.670973,-79.383121,Intersection,Intersection Related,Traffic Signal,Clear,"Dark, artificial",Dry,Non-Fatal Injury,SMV Other,Motorcycle Driver,40 to 44,Major,False,True,False,True,False,True,True,False,False,False,D51,16833
2020,2020/09/10,2240,BLOOR ST E,Major Arterial,Toronto and East York,43.670973,-79.383121,Intersection,Intersection Related,Traffic Signal,Clear,"Dark, artificial",Dry,Non-Fatal Injury,SMV Other,Moped Passenger,35 to 39,Major,False,True,False,True,False,True,True,False,False,False,D51,16834
2019,2019/11/01,1941,GERRARD ST E,Minor Arterial,Toronto and East York,43.669177,-79.335567,Intersection,At Intersection,Traffic Signal,Clear,"Dark, artificial",Dry,Non-Fatal Injury,Cyclist Collisions,Passenger,60 to 64,None,False,True,True,False,False,True,False,False,False,False,D55,16835
2020,2020/08/06,1557,941 PROGRESS AVE,Minor Arterial,Scarborough,43.783114,-79.231799,Mid-Block,Non Intersection,No Control,Clear,Daylight,Dry,Non-Fatal Injury,Pedestrian Collisions,Driver,35 to 39,None,True,False,True,False,False,False,False,False,False,False,D43,16836
2020,2020/01/25,505,F G GARDINER XY  W,Expressway,Scarborough,43.646361,-79.367122,Mid-Block,Non Intersection,No Control,Rain,"Dark, artificial",Wet,Non-Fatal Injury,SMV Other,Truck Driver,25 to 29,Major,False,False,False,False,True,False,False,False,False,False,D51,16837
2021,2021/03/24,550,HENLEY CRES,Major Arterial,Etobicoke York,43.730448,-79.575794,Intersection,Intersection Related,Traffic Signal,Clear,"Dark, artificial",Dry,Non-Fatal Injury,Pedestrian Collisions,Pedestrian,25 to 29,Major,True,False,True,False,False,False,False,False,False,False,D23,16838
2020,2020/05/25,915,20 EDWARD  ST,Collector,North York,43.656768,-79.382121,Mid-Block,Non Intersection,No Control,Clear,Daylight,Dry,Non-Fatal Injury,Pedestrian Collisions,Driver,30 to 34,None,True,False,True,False,False,False,False,False,False,False,D52,16839
2021,2021/03/25,2219,LAKE SHORE  BLVD E,Major Arterial,Toronto and East York,43.650523,-79.347614,Mid-Block,Non Intersection,No Control,Clear,Dark,Dry,Non-Fatal Injury,SMV Other,Driver,35 to 39,Major,False,False,True,False,False,False,False,False,False,False,D51,16840
2019,2019/12/09,1732,DANFORTH AVE,Major Arterial,Toronto and East York,43.677722,-79.350711,Intersection,At Intersection,Stop Sign,Clear,"Dark, artificial",Wet,Non-Fatal Injury,Pedestrian Collisions,Pedestrian,50 to 54,Major,True,False,True,False,False,True,False,False,False,False,D55,16841
2020,2020/09/12,256,DUNDAS  ST E,Major Arterial,Toronto and East York,43.659369,-79.365978,Intersection,Intersection Related,Traffic Signal,Clear,"Dark, artificial",Dry,Non-Fatal Injury,Pedestrian Collisions,Driver,25 to 29,None,True,False,True,False,False,False,False,True,False,False,D51,16842
2019,2019/11/01,1941,GERRARD ST E,Minor Arterial,Toronto and East York,43.669177,-79.335567,Intersection,At Intersection,Traffic Signal,Clear,"Dark, artificial",Dry,Non-Fatal Injury,Cyclist Collisions,Passenger,20 to 24,None,False,True,True,False,False,True,False,False,False,False,D55,16843
2020,2020/08/06,1557,941 PROGRESS AVE,Minor Arterial,Scarborough,43.783114,-79.231799,Mid-Block,Non Intersection,No Control,Clear,Daylight,Dry,Non-Fatal Injury,Pedestrian Collisions,Pedestrian,50 to 54,Major,True,False,True,False,False,False,False,False,False,False,D43,16844