YEAR,DATE,TIME,STREET1,ROAD_CLASS,DISTRICT,LATITUDE,LONGITUDE,LOCCOORD,ACCLOC,TRAFFCTL,VISIBILITY,LIGHT,RDSFCOND,ACCLASS,IMPACTYPE,INVTYPE,INVAGE,INJURY,PEDESTRIAN,CYCLIST,AUTOMOBILE,MOTORCYCLE,TRUCK,PASSENGER,SPEEDING,REDLIGHT,ALCOHOL,DISABILITY,DIVISION,Record_ID
2021,2021/08/04,1441,ALLANFORD RD,Major Arterial,Scarborough,43.782046,-79.293422,Intersection,At Intersection,Traffic Signal,Clear,Daylight,Dry,Non-Fatal Injury,Pedestrian Collisions,Pedestrian,25 to 29,Major,True,False,True,False,False,False,False,False,False,False,D42,17244
2021,2021/08/05,2302,DUFFERIN ST,Major Arterial,North York,43.721545,-79.456371,Intersection,At Intersection,Traffic Signal,Clear,"Dark, artificial",Dry,Fatal,Turning Movement,Motorcycle Driver,15 to 19,Fatal,False,False,True,True,False,False,False,True,True,False,D32,17245
2021,2021/08/05,2302,DUFFERIN ST,Major Arterial,North York,43.721545,-79.456371,Intersection,At Intersection,Traffic Signal,Clear,"Dark, artificial",Dry,Fatal,Turning Movement,Driver,25 to 29,None,False,False,True,True,False,False,False,True,True,False,D32,17246
2021,2021/08/07,253,401 EB OFF RAMP,Minor Arterial,Scarborough,43.798712,-79.145931,Intersection,At Intersection,Traffic Signal,Clear,Dark,Dry,Non-Fatal Injury,SMV Other,Motorcycle Driver,40 to 44,Major,False,False,False,True,False,False,False,False,False,False,D42,17247
2021,2021/08/07,2150,VEROBEACH BLVD,Local,North York,43.73746,-79.543926,Mid-Block,Non Intersection,No Control,Clear,Dark,Dry,Non-Fatal Injury,SMV Unattended Vehicle,Motorcycle Driver,45 to 49,Major,False,False,False,True,False,False,True,False,False,False,D31,17248
2021,2021/08/07,2205,ST CLAIR AV W,Major Arterial,Toronto and East York,43.675517,-79.453922,Mid-Block,Non Intersection,Traffic Signal,Clear,"Dark, artificial",Dry,Non-Fatal Injury,SMV Other,Driver,40 to 44,Major,False,False,True,False,False,False,False,False,False,False,D13,17249
2021,2021/08/07,2236,FRONT ST W,Major Arterial,Toronto and East York,43.642665,-79.393886,Intersection,At Intersection,Traffic Signal,Clear,Dark,Dry,Non-Fatal Injury,Pedestrian Collisions,Driver,35 to 39,None,True,False,True,False,False,False,False,False,False,False,D52,17250
2021,2021/08/07,2236,FRONT ST W,Major Arterial,Toronto and East York,43.642665,-79.393886,Intersection,At Intersection,Traffic Signal,Clear,Dark,Dry,Non-Fatal Injury,Pedestrian Collisions,Pedestrian,20 to 24,Major,True,False,True,False,False,False,False,False,False,False,D52,17251
2021,2021/08/10,1525,ST CLAIR AV W,Major Arterial,Toronto and East York,43.677523,-79.444614,Intersection,Intersection Related,Traffic Signal,Clear,Daylight,Dry,Non-Fatal Injury,SMV Other,Driver,45 to 49,None,True,False,False,False,False,False,False,False,False,False,D13,17252
2021,2021/08/10,1525,ST CLAIR AV W,Major Arterial,Toronto and East York,43.677523,-79.444614,Intersection,Intersection Related,Traffic Signal,Clear,Daylight,Dry,Non-Fatal Injury,SMV Other,Pedestrian,55 to 59,Major,True,False,False,False,False,False,False,False,False,False,D13,17253
2021,2021/08/11,920,BROCK AVENUE,Collector,Toronto and East York,43.643653,-79.433208,Intersection,At Intersection,Stop Sign,Clear,Daylight,Dry,Non-Fatal Injury,SMV Other,Driver,40 to 44,None,True,False,True,False,False,False,False,False,False,False,D11,17254
2021,2021/08/11,920,BROCK AVENUE,Collector,Toronto and East York,43.643653,-79.433208,Intersection,At Intersection,Stop Sign,Clear,Daylight,Dry,Non-Fatal Injury,SMV Other,Pedestrian,20 to 24,Major,True,False,True,False,False,False,False,False,False,False,D11,17255
2021,2021/08/13,200,GARDIER XWY,Major Arterial,Toronto and East York,43.650992,-79.346561,Mid-Block,Non Intersection,No Control,Clear,"Dark, artificial",Dry,Non-Fatal Injury,SMV Other,Motorcycle Driver,25 to 29,Major,False,False,False,True,False,False,False,False,False,False,D55,17256
2021,2021/08/13,2355,800 BATHURST ST,Major Arterial,Toronto and East York,43.665877,-79.411548,Mid-Block,Non Intersection,No Control,Clear,"Dark, artificial",Dry,Non-Fatal Injury,SMV Other,Driver,50 to 54,None,True,False,True,False,False,False,False,False,False,False,D14,17257
2021,2021/08/13,2355,800 BATHURST ST,Major Arterial,Toronto and East York,43.665877,-79.411548,Mid-Block,Non Intersection,No Control,Clear,"Dark, artificial",Dry,Non-Fatal Injury,SMV Other,Pedestrian,15 to 19,Major,True,False,True,False,False,False,False,False,False,False,D14,17258
2021,2021/08/14,243,BLOOR ST W,Major Arterial,Etobicoke York,43.645354,-79.520053,Mid-Block,Non Intersection,No Control,Clear,"Dark, artificial",Dry,Fatal,Pedestrian Collisions,Passenger,20 to 24,Fatal,False,False,True,False,False,True,True,False,False,False,D22,17259
2021,2021/08/14,243,BLOOR ST W,Major Arterial,Etobicoke York,43.645354,-79.520053,Mid-Block,Non Intersection,No Control,Clear,"Dark, artificial",Dry,Fatal,Pedestrian Collisions,Driver,20 to 24,Minor,False,False,True,False,False,True,True,False,False,False,D22,17260
2021,2021/08/15,550,106 BEECH AVE,Major Arterial,Toronto and East York,43.673556,-79.287952,Mid-Block,At/Near Private Drive,No Control,Clear,"Dark, artificial",Dry,Non-Fatal Injury,Cyclist Collisions,Driver,25 to 29,None,False,True,True,False,False,False,False,False,False,False,D55,17261
2021,2021/08/15,550,106 BEECH AVE,Major Arterial,Toronto and East York,43.673556,-79.287952,Mid-Block,At/Near Private Drive,No Control,Clear,"Dark, artificial",Dry,Non-Fatal Injury,Cyclist Collisions,Cyclist,55 to 59,Major,False,True,True,False,False,False,False,False,False,False,D55,17262
2021,2021/08/15,1415,DON VALLEY PARKWAY  N,Expressway,Scarborough,43.690997,-79.359271,Mid-Block,Non Intersection,No Control,Clear,Daylight,Dry,Fatal,Rear End,Motorcycle Driver,20 to 24,Fatal,False,False,False,True,True,True,True,False,False,False,D55,17263
2021,2021/08/15,1415,DON VALLEY PARKWAY  N,Expressway,Scarborough,43.690997,-79.359271,Mid-Block,Non Intersection,No Control,Clear,Daylight,Dry,Fatal,Rear End,Truck Driver,20 to 24,None,False,False,False,True,True,True,True,False,False,False,D55,17264
2021,2021/08/15,1415,DON VALLEY PARKWAY  N,Expressway,Scarborough,43.690997,-79.359271,Mid-Block,Non Intersection,No Control,Clear,Daylight,Dry,Fatal,Rear End,Passenger,30 to 34,None,False,False,False,True,True,True,True,False,False,False,D55,17265
2021,2021/08/16,631,ISLINGTON AVE,Local,Etobicoke York,43.762686,-79.573543,Intersection,Intersection Related,Stop Sign,Clear,Daylight,Dry,Non-Fatal Injury,Turning Movement,Driver,45 to 49,None,False,False,True,True,False,False,False,False,False,False,D31,17266
2021,2021/08/16,631,ISLINGTON AVE,Local,Etobicoke York,43.762686,-79.573543,Intersection,Intersection Related,Stop Sign,Clear,Daylight,Dry,Non-Fatal Injury,Turning Movement,Motorcycle Driver,60 to 64,Major,False,False,True,True,False,False,False,False,False,False,D31,17267
2021,2021/08/17,1504,EGLINTON AV W,Major Arterial,Etobicoke York,43.674517,-79.56322,Intersection,Intersection Related,Traffic Signal,Clear,Daylight,Dry,Non-Fatal Injury,SMV Other,Driver,20 to 24,None,True,False,True,False,False,False,False,False,False,False,D23,17268
2021,2021/08/17,1504,EGLINTON AV W,Major Arterial,Etobicoke York,43.674517,-79.56322,Intersection,Intersection Related,Traffic Signal,Clear,Daylight,Dry,Non-Fatal Injury,SMV Other,Pedestrian,70 to 74,Major,True,False,True,False,False,False,False,False,False,False,D23,17269
2021,2021/08/17,1900,FRONT ST E,Collector,Toronto and East York,43.65256,-79.357959,Intersection,Intersection Related,Traffic Signal,Clear,Daylight,Dry,Non-Fatal Injury,SMV Other,Driver,30 to 34,None,True,False,True,False,False,False,False,False,False,False,D51,17270
2021,2021/08/17,1900,FRONT ST E,Collector,Toronto and East York,43.65256,-79.357959,Intersection,Intersection Related,Traffic Signal,Clear,Daylight,Dry,Non-Fatal Injury,SMV Other,Pedestrian,25 to 29,Major,True,False,True,False,False,False,False,False,False,False,D51,17271
2021,2021/08/18,1442,YONGE ST,Major Arterial,North York,43.779765,-79.415546,Intersection,At Intersection,Traffic Signal,Clear,Daylight,Dry,Fatal,Pedestrian Collisions,Pedestrian,80 to 84,Fatal,True,False,False,False,False,False,False,False,False,False,D32,17272
2021,2021/08/18,1442,YONGE ST,Major Arterial,North York,43.779765,-79.415546,Intersection,At Intersection,Traffic Signal,Clear,Daylight,Dry,Fatal,Pedestrian Collisions,Other,55 to 59,None,True,False,False,False,False,False,False,False,False,False,D32,17273
2021,2021/08/18,1810,AVENUE RD,Major Arterial,North York,43.668646,-79.394099,Mid-Block,Non Intersection,No Control,Clear,Daylight,Dry,Fatal,Cyclist Collisions,Cyclist,15 to 19,Fatal,False,True,False,False,True,False,False,False,False,False,D52,17274
2021,2021/08/18,1810,AVENUE RD,Major Arterial,North York,43.668646,-79.394099,Mid-Block,Non Intersection,No Control,Clear,Daylight,Dry,Fatal,Cyclist Collisions,Truck Driver,50 to 54,None,False,True,False,False,True,False,False,False,False,False,D52,17275
2021,2021/08/18,2240,KIPLING AVE,Major Arterial,Etobicoke York,43.694194,-79.558673,Intersection,At Intersection,Traffic Signal,Clear,"Dark, artificial",Dry,Non-Fatal Injury,SMV Other,Driver,45 to 49,None,True,False,True,False,False,False,False,False,False,False,D23,17276
2021,2021/08/18,2240,KIPLING AVE,Major Arterial,Etobicoke York,43.694194,-79.558673,Intersection,At Intersection,Traffic Signal,Clear,"Dark, artificial",Dry,Non-Fatal Injury,SMV Other,Pedestrian,45 to 49,Major,True,False,True,False,False,False,False,False,False,False,D23,17277
2021,2021/08/20,2020,NEILSON RD,Minor Arterial,Scarborough,43.79032,-79.212337,Mid-Block,Non Intersection,No Control,Clear,Daylight,Dry,Fatal,Pedestrian Collisions,Pedestrian,30 to 34,Fatal,True,False,True,False,False,False,False,False,False,False,D43,17278
2021,2021/08/20,2020,NEILSON RD,Minor Arterial,Scarborough,43.79032,-79.212337,Mid-Block,Non Intersection,No Control,Clear,Daylight,Dry,Fatal,Pedestrian Collisions,Driver,50 to 54,None,True,False,True,False,False,False,False,False,False,False,D43,17279
2021,2021/08/21,1916,NANTUCKET BLVD,Collector,Scarborough,43.754401,-79.273189,Mid-Block,Non Intersection,No Control,Clear,Daylight,Dry,Non-Fatal Injury,SMV Other,Motorcycle Driver,25 to 29,Major,False,False,False,True,False,False,True,False,False,False,D41,17280
2021,2021/08/22,1533,CALEDONIA RD,Minor Arterial,North York,43.705851,-79.465106,Intersection,At Intersection,No Control,Clear,Daylight,Dry,Fatal,Turning Movement,Motorcycle Driver,35 to 39,Fatal,False,False,True,True,False,False,True,False,False,False,D13,17281
2021,2021/08/22,1533,CALEDONIA RD,Minor Arterial,North York,43.705851,-79.465106,Intersection,At Intersection,No Control,Clear,Daylight,Dry,Fatal,Turning Movement,Driver,60 to 64,None,False,False,True,True,False,False,True,False,False,False,D13,17282
2021,2021/08/22,1828,MARTIN GROVE RD,Major Arterial,Etobicoke York,43.686652,-79.568607,Mid-Block,Non Intersection,No Control,Clear,Daylight,Dry,Non-Fatal Injury,Turning Movement,Driver,15 to 19,Minor,False,False,True,False,False,True,False,False,False,False,D23,17283
2021,2021/08/22,1828,MARTIN GROVE RD,Major Arterial,Etobicoke York,43.686652,-79.568607,Mid-Block,Non Intersection,No Control,Clear,Daylight,Dry,Non-Fatal Injury,Turning Movement,Driver,30 to 34,Minimal,False,False,True,False,False,True,False,False,False,False,D23,17284
2021,2021/08/22,1828,MARTIN GROVE RD,Major Arterial,Etobicoke York,43.686652,-79.568607,Mid-Block,Non Intersection,No Control,Clear,Daylight,Dry,Non-Fatal Injury,Turning Movement,Passenger,15 to 19,Minimal,False,False,True,False,False,True,False,False,False,False,D23,17285
2021,2021/08/22,1828,MARTIN GROVE RD,Major Arterial,Etobicoke York,43.686652,-79.568607,Mid-Block,Non Intersection,No Control,Clear,Daylight,Dry,Non-Fatal Injury,Turning Movement,Passenger,15 to 19,Major,False,False,True,False,False,True,False,False,False,False,D23,17286
2021,2021/08/22,1828,MARTIN GROVE RD,Major Arterial,Etobicoke York,43.686652,-79.568607,Mid-Block,Non Intersection,No Control,Clear,Daylight,Dry,Non-Fatal Injury,Turning Movement,Passenger,15 to 19,Major,False,False,True,False,False,True,False,False,False,False,D23,17287
2021,2021/08/22,1828,MARTIN GROVE RD,Major Arterial,Etobicoke York,43.686652,-79.568607,Mid-Block,Non Intersection,No Control,Clear,Daylight,Dry,Non-Fatal Injury,Turning Movement,Passenger,15 to 19,Minimal,False,False,True,False,False,True,False,False,False,False,D23,17288
2021,2021/08/22,1828,MARTIN GROVE RD,Major Arterial,Etobicoke York,43.686652,-79.568607,Mid-Block,Non Intersection,No Control,Clear,Daylight,Dry,Non-Fatal Injury,Turning Movement,Passenger,30 to 34,None,False,False,True,False,False,True,False,False,False,False,D23,17289
2021,2021/08/22,1828,MARTIN GROVE RD,Major Arterial,Etobicoke York,43.686652,-79.568607,Mid-Block,Non Intersection,No Control,Clear,Daylight,Dry,Non-Fatal Injury,Turning Movement,Passenger,0 to 4,None,False,False,True,False,False,True,False,False,False,False,D23,17290
2021,2021/08/23,2,LAKE SHORE BV W,Expressway,Toronto and East York,43.640597,-79.383136,Intersection,At Intersection,Traffic Signal,Clear,"Dark, artificial",Dry,Non-Fatal Injury,Turning Movement,Driver,65 to 69,Minor,False,False,True,False,False,True,True,False,False,False,D52,17291
2021,2021/08/23,2,LAKE SHORE BV W,Expressway,Toronto and East York,43.640597,-79.383136,Intersection,At Intersection,Traffic Signal,Clear,"Dark, artificial",Dry,Non-Fatal Injury,Turning Movement,Driver,20 to 24,Major,False,False,True,False,False,True,True,False,False,False,D52,17292
2021,2021/08/23,2,LAKE SHORE BV W,Expressway,Toronto and East York,43.640597,-79.383136,Intersection,At Intersection,Traffic Signal,Clear,"Dark, artificial",Dry,Non-Fatal Injury,Turning Movement,Passenger,20 to 24,Major,False,False,True,False,False,True,True,False,False,False,D52,17293
2021,2021/08/24,844,5 FAIRVIEW MALL DR,Minor Arterial,North York,43.779162,-79.34782,Mid-Block,Non Intersection,No Control,Clear,Daylight,Dry,Fatal,Pedestrian Collisions,Driver,40 to 44,None,True,False,True,False,False,False,False,False,False,False,D33,17294
2021,2021/08/24,844,5 FAIRVIEW MALL DR,Minor Arterial,North York,43.779162,-79.34782,Mid-Block,Non Intersection,No Control,Clear,Daylight,Dry,Fatal,Pedestrian Collisions,Pedestrian,85 to 89,Fatal,True,False,True,False,False,False,False,False,False,False,D33,17295
2021,2021/08/24,1850,NIPIGON AV,Local,North York,43.797778,-79.416728,Intersection,Intersection Related,Stop Sign,Clear,Daylight,Dry,Non-Fatal Injury,SMV Other,Driver,50 to 54,Major,False,False,True,False,False,False,False,False,False,False,D32,17296
2021,2021/08/25,935,345 ADELAIDE ST W,Major Arterial,Toronto and East York,43.647055,-79.393703,Mid-Block,At/Near Private Drive,No Control,Clear,Daylight,Dry,Non-Fatal Injury,Cyclist Collisions,Driver,25 to 29,None,False,True,True,False,False,False,False,False,False,False,D52,17297
2021,2021/08/25,935,345 ADELAIDE ST W,Major Arterial,Toronto and East York,43.647055,-79.393703,Mid-Block,At/Near Private Drive,No Control,Clear,Daylight,Dry,Non-Fatal Injury,Cyclist Collisions,Cyclist,25 to 29,Major,False,True,True,False,False,False,False,False,False,False,D52,17298
2021,2021/08/26,330,HARBOUR ST,Major Arterial,Toronto and East York,43.640933,-79.380649,Intersection,At Intersection,Traffic Signal,Clear,"Dark, artificial",Dry,Fatal,Pedestrian Collisions,Pedestrian,25 to 29,Fatal,True,False,True,False,False,False,True,False,False,False,D52,17299
2021,2021/08/26,330,HARBOUR ST,Major Arterial,Toronto and East York,43.640933,-79.380649,Intersection,At Intersection,Traffic Signal,Clear,"Dark, artificial",Dry,Fatal,Pedestrian Collisions,Driver,45 to 49,None,True,False,True,False,False,False,True,False,False,False,D52,17300
2021,2021/08/27,1400,QUEENS QUAY WEST,Major Arterial,Toronto and East York,43.6356,-79.398326,Intersection,At Intersection,Traffic Signal,Clear,Daylight,Dry,Fatal,Pedestrian Collisions,Pedestrian,85 to 89,Fatal,True,False,True,False,False,False,False,False,False,False,D14,17301
2021,2021/08/27,1400,QUEENS QUAY WEST,Major Arterial,Toronto and East York,43.6356,-79.398326,Intersection,At Intersection,Traffic Signal,Clear,Daylight,Dry,Fatal,Pedestrian Collisions,Driver,30 to 34,None,True,False,True,False,False,False,False,False,False,False,D14,17302
2021,2021/08/28,300,YORE RD,Major Arterial,Etobicoke York,43.691775,-79.474246,Intersection,Intersection Related,No Control,Clear,"Dark, artificial",Dry,Non-Fatal Injury,SMV Other,Motorcycle Driver,15 to 19,Major,False,False,False,True,False,True,True,False,False,False,D12,17303
2021,2021/08/28,300,YORE RD,Major Arterial,Etobicoke York,43.691775,-79.474246,Intersection,Intersection Related,No Control,Clear,"Dark, artificial",Dry,Non-Fatal Injury,SMV Other,Motorcycle Passenger,unknown,Minor,False,False,False,True,False,True,True,False,False,False,D12,17304
2021,2021/08/29,1500,JANE ST,Major Arterial,North York,43.739371,-79.513194,Intersection,At Intersection,Traffic Signal,Clear,Daylight,Dry,Non-Fatal Injury,Turning Movement,Driver,55 to 59,None,False,False,True,True,False,True,False,False,False,False,D31,17305
2021,2021/08/29,1500,JANE ST,Major Arterial,North York,43.739371,-79.513194,Intersection,At Intersection,Traffic Signal,Clear,Daylight,Dry,Non-Fatal Injury,Turning Movement,Motorcycle Driver,25 to 29,Major,False,False,True,True,False,True,False,False,False,False,D31,17306
2021,2021/08/29,1500,JANE ST,Major Arterial,North York,43.739371,-79.513194,Intersection,At Intersection,Traffic Signal,Clear,Daylight,Dry,Non-Fatal Injury,Turning Movement,Passenger,50 to 54,None,False,False,True,True,False,True,False,False,False,False,D31,17307
2021,2021/08/30,2205,BLOOR ST W,Major Arterial,Toronto and East York,43.655696,-79.454929,Mid-Block,Non Intersection,No Control,Clear,"Dusk, artificial",Dry,Fatal,Sideswipe,Motorcycle Driver,30 to 34,Fatal,False,False,True,True,False,False,False,False,False,False,D11,17308
2021,2021/08/30,2205,BLOOR ST W,Major Arterial,Toronto and East York,43.655696,-79.454929,Mid-Block,Non Intersection,No Control,Clear,"Dusk, artificial",Dry,Fatal,Sideswipe,Driver,55 to 59,None,False,False,True,True,False,False,False,False,False,False,D11,17309
2021,2021/08/31,910,VICTORIA PARK AV,Major Arterial,North York,43.687888,-79.286968,Intersection,At Intersection,Traffic Signal,Clear,Daylight,Dry,Non-Fatal Injury,SMV Other,Driver,80 to 84,None,True,False,True,False,False,False,False,False,False,False,D41,17310
2021,2021/08/31,910,VICTORIA PARK AV,Major Arterial,North York,43.687888,-79.286968,Intersection,At Intersection,Traffic Signal,Clear,Daylight,Dry,Non-Fatal Injury,SMV Other,Pedestrian,65 to 69,Major,True,False,True,False,False,False,False,False,False,False,D41,17311
2021,2021/08/31,1345,FERN AVE,Minor Arterial,North York,43.702304,-79.523746,Intersection,At Intersection,Traffic Signal,Clear,Daylight,Dry,Non-Fatal Injury,Pedestrian Collisions,Driver,60 to 64,None,True,False,True,False,False,False,False,False,False,False,D12,17312
2021,2021/08/31,1345,FERN AVE,Minor Arterial,North York,43.702304,-79.523746,Intersection,At Intersection,Traffic Signal,Clear,Daylight,Dry,Non-Fatal Injury,Pedestrian Collisions,Pedestrian,75 to 79,Major,True,False,True,False,False,False,False,False,False,False,D12,17313
2021,2021/08/31,1553,723 PAPE AVE,Major Arterial,Toronto and East York,43.679221,-79.344951,Mid-Block,Non Intersection,No Control,Clear,Daylight,Dry,Non-Fatal Injury,Cyclist Collisions,Driver,30 to 34,None,False,True,True,False,False,False,False,False,False,False,D55,17314
2021,2021/08/31,1553,723 PAPE AVE,Major Arterial,Toronto and East York,43.679221,-79.344951,Mid-Block,Non Intersection,No Control,Clear,Daylight,Dry,Non-Fatal Injury,Cyclist Collisions,Cyclist,40 to 44,Major,False,True,True,False,False,False,False,False,False,False,D55,17315
2021,2021/09/01,1124,COXWELL AVE,Minor Arterial,Toronto and East York,43.67525,-79.320316,Intersection,At Intersection,Traffic Signal,Clear,Daylight,Dry,Fatal,Other,Passenger,85 to 89,Fatal,False,False,False,False,False,True,False,False,False,False,D55,17316
2021,2021/09/01,1124,COXWELL AVE,Minor Arterial,Toronto and East York,43.67525,-79.320316,Intersection,At Intersection,Traffic Signal,Clear,Daylight,Dry,Fatal,Other,Driver,60 to 64,None,False,False,False,False,False,True,False,False,False,False,D55,17317
2021,2021/09/02,1117,LAKE SHORE BLVD E,Major Arterial,Toronto and East York,43.659159,-79.328403,Intersection,At Intersection,Traffic Signal,Clear,Daylight,Dry,Non-Fatal Injury,Cyclist Collisions,Driver,75 to 79,None,False,True,True,False,False,False,False,False,False,False,D55,17318
2021,2021/09/02,1117,LAKE SHORE BLVD E,Major Arterial,Toronto and East York,43.659159,-79.328403,Intersection,At Intersection,Traffic Signal,Clear,Daylight,Dry,Non-Fatal Injury,Cyclist Collisions,Cyclist,50 to 54,Major,False,True,True,False,False,False,False,False,False,False,D55,17319
2021,2021/09/03,1735,COLLEGE ST,Major Arterial,Toronto and East York,43.659785,-79.390453,Intersection,At Intersection,Traffic Signal,Clear,Daylight,Dry,Fatal,Turning Movement,Motorcycle Driver,20 to 24,Fatal,False,False,False,True,False,False,False,True,False,False,D52,17320
2021,2021/09/03,1735,COLLEGE ST,Major Arterial,Toronto and East York,43.659785,-79.390453,Intersection,At Intersection,Traffic Signal,Clear,Daylight,Dry,Fatal,Turning Movement,Driver,30 to 34,Minimal,False,False,False,True,False,False,False,True,False,False,D52,17321
2021,2021/09/04,1400,LAWRENCE AVE E,Major Arterial,Scarborough,43.753459,-79.255496,Intersection,Intersection Related,Traffic Signal,Clear,Daylight,Dry,Non-Fatal Injury,Turning Movement,Driver,35 to 39,None,False,False,True,False,False,False,False,True,False,False,D41,17322
2021,2021/09/04,1400,LAWRENCE AVE E,Major Arterial,Scarborough,43.753459,-79.255496,Intersection,Intersection Related,Traffic Signal,Clear,Daylight,Dry,Non-Fatal Injury,Turning Movement,Driver,25 to 29,Major,False,False,True,False,False,False,False,True,False,False,D41,17323
2021,2021/09/07,630,HORNER AV,Minor Arterial,Etobicoke York,43.602839,-79.539798,Mid-Block,Non Intersection,No Control,Clear,"Dark, artificial",Dry,Non-Fatal Injury,Rear End,Driver,20 to 24,Minor,False,False,True,False,True,True,False,False,False,False,D22,17324
2021,2021/05/27,1315,44 RUSSELL HILL RD,Collector,Toronto and East York,43.681243,-79.404117,Mid-Block,Non Intersection,No Control,Clear,Daylight,Dry,Non-Fatal Injury,Cyclist Collisions,Cyclist,30 to 34,Major,False,True,True,False,False,False,False,False,False,False,D53,17325
2021,2021/10/31,324,WESTON RD,Major Arterial,North York,43.726172,-79.535579,Mid-Block,Non Intersection,No Control,Clear,"Dark, artificial",Wet,Non-Fatal Injury,SMV Other,Driver,20 to 24,Major,False,False,True,False,False,False,False,False,False,False,D31,17326
2022,2022/04/05,1230,FINCH AVE W,Major Arterial,Etobicoke York,43.753958,-79.532718,Mid-Block,Non Intersection,No Control,Clear,Daylight,Dry,Fatal,Pedestrian Collisions,Pedestrian,60 to 64,Fatal,True,False,False,False,True,False,False,False,False,False,D31,17327
2022,2022/01/07,938,MIDDLEFIELD RD,Minor Arterial,Scarborough,43.832621,-79.267932,Intersection,At Intersection,Traffic Signal,Clear,Daylight,Dry,Non-Fatal Injury,Pedestrian Collisions,Driver,65 to 69,None,True,False,True,False,False,False,False,False,False,False,D42,17328
2021,2021/04/05,2345,EASTERN  AVE,Minor Arterial,Toronto and East York,43.653208,-79.359607,Mid-Block,Non Intersection,No Control,Clear,"Dark, artificial",Dry,Non-Fatal Injury,SMV Other,Passenger,15 to 19,Major,False,False,True,False,False,True,False,False,True,False,D51,17329
2021,2021/05/28,527,2043 DUNDAS ST W,Minor Arterial,Toronto and East York,43.651698,-79.4472,Mid-Block,Non Intersection,No Control,Clear,"Dark, artificial",Dry,Non-Fatal Injury,SMV Unattended Vehicle,Driver,15 to 19,Minor,False,False,True,False,False,True,False,False,False,False,D11,17330
2022,2022/08/27,2220,F G GARDINER XY  E,Expressway,Toronto and East York,43.63666,-79.414516,Mid-Block,Non Intersection,No Control,Clear,"Dark, artificial",Dry,Non-Fatal Injury,Rear End,Driver,20 to 24,None,False,False,True,True,False,True,False,False,False,False,D14,17331
2022,2022/06/14,1159,836 BLOOR ST W,Major Arterial,Toronto and East York,43.662306,-79.423663,Mid-Block,Non Intersection,No Control,Clear,Daylight,Dry,Non-Fatal Injury,Pedestrian Collisions,Pedestrian,75 to 79,Major,True,True,False,False,False,False,False,False,False,False,D14,17332
2022,2022/01/07,938,MIDDLEFIELD RD,Minor Arterial,Scarborough,43.832621,-79.267932,Intersection,At Intersection,Traffic Signal,Clear,Daylight,Dry,Non-Fatal Injury,Pedestrian Collisions,Pedestrian,50 to 54,Major,True,False,True,False,False,False,False,False,False,False,D42,17333
2022,2022/04/09,2338,KNIGHTON DR,Local,North York,43.737357,-79.31544,Intersection,At Intersection,Stop Sign,Clear,"Dark, artificial",Dry,Non-Fatal Injury,SMV Other,Motorcycle Driver,15 to 19,Major,False,False,False,True,False,False,False,False,False,False,D33,17334
2021,2021/04/05,2345,EASTERN  AVE,Minor Arterial,Toronto and East York,43.653208,-79.359607,Mid-Block,Non Intersection,No Control,Clear,"Dark, artificial",Dry,Non-Fatal Injury,SMV Other,Passenger,25 to 29,None,False,False,True,False,False,True,False,False,True,False,D51,17335
2021,2021/05/28,527,2043 DUNDAS ST W,Minor Arterial,Toronto and East York,43.651698,-79.4472,Mid-Block,Non Intersection,No Control,Clear,"Dark, artificial",Dry,Non-Fatal Injury,SMV Unattended Vehicle,Other,unknown,None,False,False,True,False,False,True,False,False,False,False,D11,17336
2022,2022/08/27,2220,F G GARDINER XY  E,Expressway,Toronto and East York,43.63666,-79.414516,Mid-Block,Non Intersection,No Control,Clear,"Dark, artificial",Dry,Non-Fatal Injury,Rear End,Passenger,25 to 29,None,False,False,True,True,False,True,False,False,False,False,D14,17337
2021,2021/11/01,2205,2275 WARDEN AVE,Major Arterial,Scarborough,43.782305,-79.309589,Intersection,At/Near Private Drive,No Control,Clear,"Dark, artificial",Dry,Non-Fatal Injury,Cyclist Collisions,Driver,30 to 34,None,False,True,True,False,False,False,False,False,False,False,D42,17338
2021,2021/05/28,527,2043 DUNDAS ST W,Minor Arterial,Toronto and East York,43.651698,-79.4472,Mid-Block,Non Intersection,No Control,Clear,"Dark, artificial",Dry,Non-Fatal Injury,SMV Unattended Vehicle,Passenger,20 to 24,Major,False,False,True,False,False,True,False,False,False,False,D11,17339
2021,2021/04/06,1238,107 THE QUEENSWAY,Major Arterial,Etobicoke York,43.63674,-79.471339,Mid-Block,Non Intersection,No Control,Clear,Daylight,Dry,Non-Fatal Injury,Other,Driver,50 to 54,None,False,False,False,False,False,True,False,False,False,False,D11,17340