YEAR,DATE,TIME,STREET1,ROAD_CLASS,DISTRICT,LATITUDE,LONGITUDE,LOCCOORD,ACCLOC,TRAFFCTL,VISIBILITY,LIGHT,RDSFCOND,ACCLASS,IMPACTYPE,INVTYPE,INVAGE,INJURY,PEDESTRIAN,CYCLIST,AUTOMOBILE,MOTORCYCLE,TRUCK,PASSENGER,SPEEDING,REDLIGHT,ALCOHOL,DISABILITY,DIVISION,Record_ID
2022,2022/01/13,2130,WESTON RD,Major Arterial,Etobicoke York,43.748164,-79.54156,Intersection,At Intersection,Traffic Signal,Clear,"Dark, artificial",Dry,Non-Fatal Injury,Pedestrian Collisions,Driver,60 to 64,None,True,False,True,False,False,False,False,False,False,False,D31,17342
2022,2022/08/27,2220,F G GARDINER XY  E,Expressway,Toronto and East York,43.63666,-79.414516,Mid-Block,Non Intersection,No Control,Clear,"Dark, artificial",Dry,Non-Fatal Injury,Rear End,Passenger,25 to 29,None,False,False,True,True,False,True,False,False,False,False,D14,17343
2021,2021/11/01,2205,2275 WARDEN AVE,Major Arterial,Scarborough,43.782305,-79.309589,Intersection,At/Near Private Drive,No Control,Clear,"Dark, artificial",Dry,Non-Fatal Injury,Cyclist Collisions,Cyclist,40 to 44,Major,False,True,True,False,False,False,False,False,False,False,D42,17344
2021,2021/05/29,605,CITY VIEW DR,Local,Etobicoke York,43.690154,-79.579425,Mid-Block,Non Intersection,No Control,Clear,Daylight,Dry,Non-Fatal Injury,SMV Other,Driver,30 to 34,Major,False,False,True,False,False,False,True,False,False,False,D23,17345
2021,2021/04/06,1238,107 THE QUEENSWAY,Major Arterial,Etobicoke York,43.63674,-79.471339,Mid-Block,Non Intersection,No Control,Clear,Daylight,Dry,Non-Fatal Injury,Other,Passenger,75 to 79,Major,False,False,False,False,False,True,False,False,False,False,D11,17346
2022,2022/04/12,556,DANFORTH RD,Major Arterial,Scarborough,43.749533,-79.244441,Intersection,Intersection Related,No Control,Clear,Dark,Dry,Non-Fatal Injury,Approaching,Driver,25 to 29,Minor,False,False,True,False,False,False,False,False,False,False,D43,17347
2022,2022/08/27,2220,F G GARDINER XY  E,Expressway,Toronto and East York,43.63666,-79.414516,Mid-Block,Non Intersection,No Control,Clear,"Dark, artificial",Dry,Non-Fatal Injury,Rear End,Passenger,25 to 29,None,False,False,True,True,False,True,False,False,False,False,D14,17348
2022,2022/06/14,1246,HUMBERLINE DR,Minor Arterial,Etobicoke York,43.74034,-79.619365,Mid-Block,At/Near Private Drive,No Control,Clear,Daylight,Dry,Non-Fatal Injury,Angle,Truck Driver,30 to 34,None,False,False,True,False,True,False,False,False,False,False,D23,17349
2021,2021/11/05,1711,THE QUEENSWAY,Major Arterial,Etobicoke York,43.614123,-79.557925,Mid-Block,Non Intersection,No Control,Clear,Daylight,Dry,Non-Fatal Injury,Pedestrian Collisions,Driver,30 to 34,None,True,False,True,False,False,False,False,False,False,False,D22,17350
2021,2021/05/29,2040,LAKE SHORE  BLVD W,Major Arterial,Toronto and East York,43.641387,-79.380832,Intersection,At Intersection,Traffic Signal,Clear,"Dusk, artificial",Dry,Non-Fatal Injury,Pedestrian Collisions,Motorcycle Driver,35 to 39,Major,True,False,False,True,False,False,False,False,False,False,D52,17351
2022,2022/01/13,2130,WESTON RD,Major Arterial,Etobicoke York,43.748164,-79.54156,Intersection,At Intersection,Traffic Signal,Clear,"Dark, artificial",Dry,Non-Fatal Injury,Pedestrian Collisions,Pedestrian,55 to 59,Major,True,False,True,False,False,False,False,False,False,False,D31,17352
2021,2021/04/07,1000,NIAGARA  ST,Major Arterial,Toronto and East York,43.641841,-79.401851,Intersection,At Intersection,Traffic Signal,Clear,Daylight,Dry,Non-Fatal Injury,Pedestrian Collisions,Driver,35 to 39,None,True,False,True,False,False,False,False,False,False,False,D14,17353
2022,2022/04/12,556,DANFORTH RD,Major Arterial,Scarborough,43.749533,-79.244441,Intersection,Intersection Related,No Control,Clear,Dark,Dry,Non-Fatal Injury,Approaching,Driver,35 to 39,Major,False,False,True,False,False,False,False,False,False,False,D43,17354
2022,2022/06/14,1246,HUMBERLINE DR,Minor Arterial,Etobicoke York,43.74034,-79.619365,Mid-Block,At/Near Private Drive,No Control,Clear,Daylight,Dry,Non-Fatal Injury,Angle,Driver,80 to 84,Major,False,False,True,False,True,False,False,False,False,False,D23,17355
2022,2022/08/29,35,LAKE SHORE BLVD W,Major Arterial,Toronto and East York,43.633185,-79.434078,Mid-Block,Non Intersection,No Control,Clear,"Dark, artificial",Dry,Non-Fatal Injury,Pedestrian Collisions,Driver,unknown,None,True,False,True,False,False,False,False,False,False,False,D14,17356
2021,2021/11/05,1711,THE QUEENSWAY,Major Arterial,Etobicoke York,43.614123,-79.557925,Mid-Block,Non Intersection,No Control,Clear,Daylight,Dry,Non-Fatal Injury,Pedestrian Collisions,Pedestrian,75 to 79,Major,True,False,True,False,False,False,False,False,False,False,D22,17357
2021,2021/05/29,2040,LAKE SHORE  BLVD W,Major Arterial,Toronto and East York,43.641387,-79.380832,Intersection,At Intersection,Traffic Signal,Clear,"Dusk, artificial",Dry,Non-Fatal Injury,Pedestrian Collisions,Pedestrian,25 to 29,Major,True,False,False,True,False,False,False,False,False,False,D52,17358
2021,2021/05/30,450,SHEPPARD AVE W,Major Arterial,North York,43.750178,-79.463344,Intersection,Intersection Related,Traffic Signal,Clear,"Dark, artificial",Dry,Non-Fatal Injury,SMV Other,Driver,35 to 39,Major,False,False,True,False,False,False,False,False,False,False,D32,17359
2021,2021/04/07,1000,NIAGARA  ST,Major Arterial,Toronto and East York,43.641841,-79.401851,Intersection,At Intersection,Traffic Signal,Clear,Daylight,Dry,Non-Fatal Injury,Pedestrian Collisions,Pedestrian,20 to 24,Major,True,False,True,False,False,False,False,False,False,False,D14,17360
2022,2022/04/14,316,SPADINA AVE,Major Arterial,Toronto and East York,43.644992,-79.394862,Mid-Block,Non Intersection,No Control,Rain,"Dark, artificial",Wet,Fatal,Pedestrian Collisions,Pedestrian,30 to 34,Fatal,True,False,True,False,False,False,True,False,False,False,D14,17361
2022,2022/08/29,35,LAKE SHORE BLVD W,Major Arterial,Toronto and East York,43.633185,-79.434078,Mid-Block,Non Intersection,No Control,Clear,"Dark, artificial",Dry,Non-Fatal Injury,Pedestrian Collisions,Pedestrian,35 to 39,Major,True,False,True,False,False,False,False,False,False,False,D14,17362
2022,2022/06/16,1930,OVERLEA BLVD,Major Arterial,North York,43.707385,-79.343669,Intersection,At Intersection,Traffic Signal,Clear,Daylight,Dry,Non-Fatal Injury,Cyclist Collisions,Cyclist,10 to 14,Major,False,True,True,False,False,True,False,False,False,False,D53,17363
2022,2022/06/16,1930,OVERLEA BLVD,Major Arterial,North York,43.707385,-79.343669,Intersection,At Intersection,Traffic Signal,Clear,Daylight,Dry,Non-Fatal Injury,Cyclist Collisions,Driver,80 to 84,None,False,True,True,False,False,True,False,False,False,False,D53,17364
2021,2021/11/06,125,MIDDLEFIELD RD,Major Arterial,Toronto and East York,43.809989,-79.257663,Mid-Block,Non Intersection,No Control,Clear,"Dark, artificial",Dry,Non-Fatal Injury,SMV Other,Driver,25 to 29,None,True,False,True,False,False,False,False,False,False,False,D42,17365
2022,2022/04/14,316,SPADINA AVE,Major Arterial,Toronto and East York,43.644992,-79.394862,Mid-Block,Non Intersection,No Control,Rain,"Dark, artificial",Wet,Fatal,Pedestrian Collisions,Driver,unknown,None,True,False,True,False,False,False,True,False,False,False,D14,17366
2021,2021/05/30,1315,BLOOR  ST W,Major Arterial,Etobicoke York,43.651698,-79.473323,Mid-Block,Non Intersection,No Control,Clear,Daylight,Dry,Non-Fatal Injury,Pedestrian Collisions,Driver,15 to 19,None,True,False,True,False,False,True,False,False,False,False,D11,17367
2022,2022/01/14,1441,DAVENPORT RD,Minor Arterial,Toronto and East York,43.671485,-79.448261,Intersection,At Intersection,Traffic Signal,Clear,Daylight,Dry,Non-Fatal Injury,Pedestrian Collisions,Driver,55 to 59,None,True,False,True,False,False,False,False,False,False,False,D13,17368
2021,2021/05/30,1315,BLOOR  ST W,Major Arterial,Etobicoke York,43.651698,-79.473323,Mid-Block,Non Intersection,No Control,Clear,Daylight,Dry,Non-Fatal Injury,Pedestrian Collisions,Passenger,15 to 19,None,True,False,True,False,False,True,False,False,False,False,D11,17369
2021,2021/04/08,1950,MORNINGSIDE AVE,Major Arterial,Scarborough,43.800208,-79.199046,Intersection,At Intersection,Traffic Signal,Clear,"Dusk, artificial",Dry,Non-Fatal Injury,Turning Movement,Driver,55 to 59,None,False,False,True,True,False,True,False,False,False,False,D42,17370
2022,2022/08/30,1910,124 EDENBRIDGE DR,Collector,Etobicoke York,43.671797,-79.514888,Mid-Block,At/Near Private Drive,No Control,Clear,Daylight,Dry,Non-Fatal Injury,Cyclist Collisions,Driver,30 to 34,None,False,True,True,False,False,False,False,False,False,False,D22,17371
2022,2022/06/16,1930,OVERLEA BLVD,Major Arterial,North York,43.707385,-79.343669,Intersection,At Intersection,Traffic Signal,Clear,Daylight,Dry,Non-Fatal Injury,Cyclist Collisions,Passenger,80 to 84,None,False,True,True,False,False,True,False,False,False,False,D53,17372
2021,2021/11/06,125,MIDDLEFIELD RD,Major Arterial,Toronto and East York,43.809989,-79.257663,Mid-Block,Non Intersection,No Control,Clear,"Dark, artificial",Dry,Non-Fatal Injury,SMV Other,Pedestrian,25 to 29,Major,True,False,True,False,False,False,False,False,False,False,D42,17373
2021,2021/04/08,1950,MORNINGSIDE AVE,Major Arterial,Scarborough,43.800208,-79.199046,Intersection,At Intersection,Traffic Signal,Clear,"Dusk, artificial",Dry,Non-Fatal Injury,Turning Movement,Motorcycle Driver,30 to 34,Major,False,False,True,True,False,True,False,False,False,False,D42,17375
2021,2021/05/30,1315,BLOOR  ST W,Major Arterial,Etobicoke York,43.651698,-79.473323,Mid-Block,Non Intersection,No Control,Clear,Daylight,Dry,Non-Fatal Injury,Pedestrian Collisions,Pedestrian,65 to 69,Major,True,False,True,False,False,True,False,False,False,False,D11,17376
2022,2022/08/30,1910,124 EDENBRIDGE DR,Collector,Etobicoke York,43.671797,-79.514888,Mid-Block,At/Near Private Drive,No Control,Clear,Daylight,Dry,Non-Fatal Injury,Cyclist Collisions,Cyclist,30 to 34,Major,False,True,True,False,False,False,False,False,False,False,D22,17377
2021,2021/11/07,1614,DUFFERIN ST,Major Arterial,Toronto and East York,43.668429,-79.438876,Intersection,Intersection Related,Traffic Signal,Clear,Daylight,Dry,Non-Fatal Injury,Sideswipe,Driver,35 to 39,Minor,False,False,True,False,False,True,True,False,False,False,D14,17379
2021,2021/04/08,1950,MORNINGSIDE AVE,Major Arterial,Scarborough,43.800208,-79.199046,Intersection,At Intersection,Traffic Signal,Clear,"Dusk, artificial",Dry,Non-Fatal Injury,Turning Movement,Passenger,25 to 29,None,False,False,True,True,False,True,False,False,False,False,D42,17381
2021,2021/05/30,1610,LAING ST,Minor Arterial,Toronto and East York,43.663836,-79.327312,Intersection,At Intersection,Stop Sign,Clear,Daylight,Dry,Non-Fatal Injury,Turning Movement,Driver,20 to 24,None,False,False,True,True,False,True,False,False,False,False,D55,17382
2022,2022/01/14,1441,DAVENPORT RD,Minor Arterial,Toronto and East York,43.671485,-79.448261,Intersection,At Intersection,Traffic Signal,Clear,Daylight,Dry,Non-Fatal Injury,Pedestrian Collisions,Pedestrian,75 to 79,Major,True,False,True,False,False,False,False,False,False,False,D13,17383
2021,2021/11/07,1614,DUFFERIN ST,Major Arterial,Toronto and East York,43.668429,-79.438876,Intersection,Intersection Related,Traffic Signal,Clear,Daylight,Dry,Non-Fatal Injury,Sideswipe,Driver,60 to 64,None,False,False,True,False,False,True,True,False,False,False,D14,17385
2021,2021/04/10,551,DANFORTH  AVE,Major Arterial,Toronto and East York,43.680033,-79.338893,Mid-Block,Non Intersection,No Control,Clear,"Dark, artificial",Dry,Non-Fatal Injury,Approaching,Driver,25 to 29,Major,False,False,True,False,False,False,True,False,False,False,D55,17387
2021,2021/05/30,1610,LAING ST,Minor Arterial,Toronto and East York,43.663836,-79.327312,Intersection,At Intersection,Stop Sign,Clear,Daylight,Dry,Non-Fatal Injury,Turning Movement,Motorcycle Driver,40 to 44,Major,False,False,True,True,False,True,False,False,False,False,D55,17388
2022,2022/01/20,1610,VICTORIA PARK AVE,Major Arterial,North York,43.755992,-79.314578,Intersection,At Intersection,Traffic Signal,Clear,Daylight,Dry,Non-Fatal Injury,Rear End,Driver,20 to 24,Major,False,False,True,False,False,True,True,False,False,False,D41,17389
2022,2022/08/30,1910,124 EDENBRIDGE DR,Collector,Etobicoke York,43.671797,-79.514888,Mid-Block,At/Near Private Drive,No Control,Clear,Daylight,Dry,Non-Fatal Injury,Cyclist Collisions,Cyclist,20 to 24,Major,False,True,True,False,False,False,False,False,False,False,D22,17390
2021,2021/05/30,1610,LAING ST,Minor Arterial,Toronto and East York,43.663836,-79.327312,Intersection,At Intersection,Stop Sign,Clear,Daylight,Dry,Non-Fatal Injury,Turning Movement,Passenger,40 to 44,None,False,False,True,True,False,True,False,False,False,False,D55,17391
2022,2022/06/18,1855,GAMBLE AVE,Major Arterial,Toronto and East York,43.690329,-79.349132,Intersection,At Intersection,Stop Sign,Clear,Daylight,Dry,Non-Fatal Injury,Pedestrian Collisions,Driver,60 to 64,None,True,False,True,False,False,False,False,False,False,False,D55,17392
2021,2021/04/10,551,DANFORTH  AVE,Major Arterial,Toronto and East York,43.680033,-79.338893,Mid-Block,Non Intersection,No Control,Clear,"Dark, artificial",Dry,Non-Fatal Injury,Approaching,Driver,45 to 49,Minor,False,False,True,False,False,False,True,False,False,False,D55,17393
2021,2021/11/07,1614,DUFFERIN ST,Major Arterial,Toronto and East York,43.668429,-79.438876,Intersection,Intersection Related,Traffic Signal,Clear,Daylight,Dry,Non-Fatal Injury,Sideswipe,Driver,65 to 69,Major,False,False,True,False,False,True,True,False,False,False,D14,17394
2022,2022/06/18,1855,GAMBLE AVE,Major Arterial,Toronto and East York,43.690329,-79.349132,Intersection,At Intersection,Stop Sign,Clear,Daylight,Dry,Non-Fatal Injury,Pedestrian Collisions,Pedestrian,60 to 64,Major,True,False,True,False,False,False,False,False,False,False,D55,17395
2021,2021/04/10,1000,COXWELL  AVE,Minor Arterial,Toronto and East York,43.666285,-79.316562,Intersection,Non Intersection,Traffic Signal,Clear,Daylight,Dry,Non-Fatal Injury,Cyclist Collisions,Driver,65 to 69,None,False,True,True,False,False,False,False,False,False,False,D55,17396
2022,2022/01/20,1610,VICTORIA PARK AVE,Major Arterial,North York,43.755992,-79.314578,Intersection,At Intersection,Traffic Signal,Clear,Daylight,Dry,Non-Fatal Injury,Rear End,Driver,60 to 64,None,False,False,True,False,False,True,True,False,False,False,D41,17397
2022,2022/04/15,43,DON VALLEY PARKWAY  S,Expressway,Toronto and East York,43.697924,-79.350124,Mid-Block,Non Intersection,No Control,Clear,"Dark, artificial",Dry,Fatal,Pedestrian Collisions,Pedestrian,35 to 39,Fatal,True,False,True,False,False,False,False,False,False,False,D55,17398
2021,2021/05/30,1610,LAING ST,Minor Arterial,Toronto and East York,43.663836,-79.327312,Intersection,At Intersection,Stop Sign,Clear,Daylight,Dry,Non-Fatal Injury,Turning Movement,Passenger,20 to 24,None,False,False,True,True,False,True,False,False,False,False,D55,17400
2021,2021/11/07,1614,DUFFERIN ST,Major Arterial,Toronto and East York,43.668429,-79.438876,Intersection,Intersection Related,Traffic Signal,Clear,Daylight,Dry,Non-Fatal Injury,Sideswipe,Driver,30 to 34,None,False,False,True,False,False,True,True,False,False,False,D14,17401
2022,2022/06/18,2015,BRIMLEY RD,Major Arterial,Scarborough,43.736624,-79.24805,Intersection,At Intersection,Traffic Signal,Clear,Daylight,Dry,Non-Fatal Injury,Pedestrian Collisions,Driver,35 to 39,None,True,False,True,False,False,False,False,False,False,False,D41,17402
2021,2021/05/31,2240,DON VALLEY PARKWAY  S,Expressway,North York,43.698252,-79.340442,Mid-Block,Non Intersection,No Control,Clear,"Dark, artificial",Dry,Fatal,SMV Other,Motorcycle Passenger,35 to 39,Fatal,False,False,False,True,False,True,False,False,False,False,D55,17403
2021,2021/04/10,1000,COXWELL  AVE,Minor Arterial,Toronto and East York,43.666285,-79.316562,Intersection,Non Intersection,Traffic Signal,Clear,Daylight,Dry,Non-Fatal Injury,Cyclist Collisions,Cyclist,35 to 39,Major,False,True,True,False,False,False,False,False,False,False,D55,17404
2022,2022/04/15,43,DON VALLEY PARKWAY  S,Expressway,Toronto and East York,43.697924,-79.350124,Mid-Block,Non Intersection,No Control,Clear,"Dark, artificial",Dry,Fatal,Pedestrian Collisions,Driver,60 to 64,None,True,False,True,False,False,False,False,False,False,False,D55,17405
2022,2022/01/20,1610,VICTORIA PARK AVE,Major Arterial,North York,43.755992,-79.314578,Intersection,At Intersection,Traffic Signal,Clear,Daylight,Dry,Non-Fatal Injury,Rear End,Passenger,80 to 84,None,False,False,True,False,False,True,True,False,False,False,D41,17407
2021,2021/11/07,1614,DUFFERIN ST,Major Arterial,Toronto and East York,43.668429,-79.438876,Intersection,Intersection Related,Traffic Signal,Clear,Daylight,Dry,Non-Fatal Injury,Sideswipe,Driver,55 to 59,Minimal,False,False,True,False,False,True,True,False,False,False,D14,17408
2022,2022/06/18,2015,BRIMLEY RD,Major Arterial,Scarborough,43.736624,-79.24805,Intersection,At Intersection,Traffic Signal,Clear,Daylight,Dry,Non-Fatal Injury,Pedestrian Collisions,Pedestrian,25 to 29,Major,True,False,True,False,False,False,False,False,False,False,D41,17409
2021,2021/05/31,2240,DON VALLEY PARKWAY  S,Expressway,North York,43.698252,-79.340442,Mid-Block,Non Intersection,No Control,Clear,"Dark, artificial",Dry,Fatal,SMV Other,Motorcycle Driver,35 to 39,Major,False,False,False,True,False,True,False,False,False,False,D55,17410
2021,2021/04/15,1212,QUEEN ST E,Minor Arterial,Toronto and East York,43.658923,-79.349284,Mid-Block,Non Intersection,No Control,Clear,Daylight,Dry,Non-Fatal Injury,Pedestrian Collisions,Driver,40 to 44,None,True,False,True,False,False,True,False,False,False,False,D55,17411
2022,2022/01/20,1910,1875 STEELES AVE W,Major Arterial,North York,43.787585,-79.468059,Mid-Block,Non Intersection,No Control,Clear,"Dark, artificial",Dry,Property Damage Only,Turning Movement,Driver,25 to 29,None,False,False,True,False,False,False,False,False,False,False,D32,17413
2022,2022/04/15,211,665 KENNEDY RD,Major Arterial,Scarborough,43.726008,-79.265292,Mid-Block,Non Intersection,No Control,Clear,"Dark, artificial",Dry,Non-Fatal Injury,Turning Movement,Driver,25 to 29,None,False,False,True,False,False,True,False,False,False,False,D41,17414
2021,2021/11/07,1614,DUFFERIN ST,Major Arterial,Toronto and East York,43.668429,-79.438876,Intersection,Intersection Related,Traffic Signal,Clear,Daylight,Dry,Non-Fatal Injury,Sideswipe,Driver,50 to 54,None,False,False,True,False,False,True,True,False,False,False,D14,17415
2022,2022/06/20,47,MARKHAM RD,Major Arterial,Scarborough,43.749045,-79.221446,Mid-Block,Non Intersection,No Control,Clear,"Dark, artificial",Dry,Fatal,Pedestrian Collisions,Pedestrian,30 to 34,Fatal,True,False,False,False,False,False,False,False,False,False,D43,17416
2022,2022/06/20,47,MARKHAM RD,Major Arterial,Scarborough,43.749045,-79.221446,Mid-Block,Non Intersection,No Control,Clear,"Dark, artificial",Dry,Fatal,Pedestrian Collisions,Driver,30 to 34,None,True,False,False,False,False,False,False,False,False,False,D43,17417
2021,2021/04/15,1212,QUEEN ST E,Minor Arterial,Toronto and East York,43.658923,-79.349284,Mid-Block,Non Intersection,No Control,Clear,Daylight,Dry,Non-Fatal Injury,Pedestrian Collisions,Passenger,40 to 44,None,True,False,True,False,False,True,False,False,False,False,D55,17419
2022,2022/01/20,1910,1875 STEELES AVE W,Major Arterial,North York,43.787585,-79.468059,Mid-Block,Non Intersection,No Control,Clear,"Dark, artificial",Dry,Property Damage Only,Turning Movement,Driver,70 to 74,Major,False,False,True,False,False,False,False,False,False,False,D32,17420
2022,2022/04/15,211,665 KENNEDY RD,Major Arterial,Scarborough,43.726008,-79.265292,Mid-Block,Non Intersection,No Control,Clear,"Dark, artificial",Dry,Non-Fatal Injury,Turning Movement,Driver,60 to 64,Major,False,False,True,False,False,True,False,False,False,False,D41,17421
2021,2021/11/07,1614,DUFFERIN ST,Major Arterial,Toronto and East York,43.668429,-79.438876,Intersection,Intersection Related,Traffic Signal,Clear,Daylight,Dry,Non-Fatal Injury,Sideswipe,Driver,20 to 24,None,False,False,True,False,False,True,True,False,False,False,D14,17422
2022,2022/04/15,211,665 KENNEDY RD,Major Arterial,Scarborough,43.726008,-79.265292,Mid-Block,Non Intersection,No Control,Clear,"Dark, artificial",Dry,Non-Fatal Injury,Turning Movement,Passenger,25 to 29,None,False,False,True,False,False,True,False,False,False,False,D41,17423
2021,2021/05/31,2240,DON VALLEY PARKWAY  S,Expressway,North York,43.698252,-79.340442,Mid-Block,Non Intersection,No Control,Clear,"Dark, artificial",Dry,Fatal,SMV Other,Motorcycle Driver,40 to 44,Major,False,False,False,True,False,True,False,False,False,False,D55,17424
2022,2022/09/01,2336,WESTON RD,Major Arterial,Etobicoke York,43.691222,-79.500865,Intersection,At Intersection,Traffic Signal,Clear,"Dark, artificial",Dry,Non-Fatal Injury,Angle,Driver,35 to 39,Minor,False,False,True,False,False,True,True,True,False,False,D12,17425
2021,2021/04/15,1212,QUEEN ST E,Minor Arterial,Toronto and East York,43.658923,-79.349284,Mid-Block,Non Intersection,No Control,Clear,Daylight,Dry,Non-Fatal Injury,Pedestrian Collisions,Pedestrian,25 to 29,Major,True,False,True,False,False,True,False,False,False,False,D55,17426
2022,2022/01/22,1914,92 ASHRIDGE DR,Local,Scarborough,43.81531,-79.268764,Mid-Block,Non Intersection,No Control,Clear,"Dark, artificial",Packed Snow,Non-Fatal Injury,Pedestrian Collisions,Driver,unknown,None,True,False,True,False,False,False,False,False,False,False,D42,17427
2021,2021/11/07,1614,DUFFERIN ST,Major Arterial,Toronto and East York,43.668429,-79.438876,Intersection,Intersection Related,Traffic Signal,Clear,Daylight,Dry,Non-Fatal Injury,Sideswipe,Driver,50 to 54,None,False,False,True,False,False,True,True,False,False,False,D14,17428
2022,2022/06/20,1235,BRIMLEY RD,Major Arterial,Scarborough,43.764178,-79.259158,Mid-Block,Non Intersection,No Control,Clear,Daylight,Dry,Non-Fatal Injury,SMV Other,Driver,15 to 19,Major,False,False,True,False,False,False,True,False,False,False,D41,17429
2022,2022/04/16,1635,GERRARD ST W,Minor Arterial,Toronto and East York,43.658164,-79.385913,Mid-Block,Non Intersection,No Control,Clear,Daylight,Dry,Non-Fatal Injury,Pedestrian Collisions,Driver,35 to 39,None,True,False,True,False,False,False,False,False,False,False,D52,17430
2021,2021/06/03,2332,1651 ELLESMERE RD,Major Arterial,Scarborough,43.772353,-79.25027,Mid-Block,At/Near Private Drive,Yield Sign,Clear,"Dark, artificial",Dry,Non-Fatal Injury,Turning Movement,Driver,20 to 24,None,False,False,True,True,False,True,False,False,False,False,D43,17431
2022,2022/09/01,2336,WESTON RD,Major Arterial,Etobicoke York,43.691222,-79.500865,Intersection,At Intersection,Traffic Signal,Clear,"Dark, artificial",Dry,Non-Fatal Injury,Angle,Driver,35 to 39,Minimal,False,False,True,False,False,True,True,True,False,False,D12,17432
2021,2021/04/15,1530,FINCH AVE W,Major Arterial,North York,43.760363,-79.502773,Mid-Block,Non Intersection,No Control,Clear,Daylight,Dry,Fatal,Pedestrian Collisions,Pedestrian,45 to 49,Fatal,True,False,False,False,True,False,False,False,False,False,D31,17433
2022,2022/09/01,2336,WESTON RD,Major Arterial,Etobicoke York,43.691222,-79.500865,Intersection,At Intersection,Traffic Signal,Clear,"Dark, artificial",Dry,Non-Fatal Injury,Angle,Driver,65 to 69,Minor,False,False,True,False,False,True,True,True,False,False,D12,17434
2021,2021/11/07,1614,DUFFERIN ST,Major Arterial,Toronto and East York,43.668429,-79.438876,Intersection,Intersection Related,Traffic Signal,Clear,Daylight,Dry,Non-Fatal Injury,Sideswipe,Driver,30 to 34,None,False,False,True,False,False,True,True,False,False,False,D14,17435
2022,2022/01/22,1914,92 ASHRIDGE DR,Local,Scarborough,43.81531,-79.268764,Mid-Block,Non Intersection,No Control,Clear,"Dark, artificial",Packed Snow,Non-Fatal Injury,Pedestrian Collisions,Pedestrian,90 to 94,Major,True,False,True,False,False,False,False,False,False,False,D42,17436
2022,2022/06/21,906,28 TREMONT CRES,Local,North York,43.736521,-79.352756,Mid-Block,Non Intersection,No Control,Clear,Daylight,Dry,Fatal,Pedestrian Collisions,Pedestrian,85 to 89,Fatal,True,False,False,False,True,False,False,False,False,False,D33,17437
2022,2022/06/21,906,28 TREMONT CRES,Local,North York,43.736521,-79.352756,Mid-Block,Non Intersection,No Control,Clear,Daylight,Dry,Fatal,Pedestrian Collisions,Driver,35 to 39,Minimal,True,False,False,False,True,False,False,False,False,False,D33,17438
2022,2022/04/16,1635,GERRARD ST W,Minor Arterial,Toronto and East York,43.658164,-79.385913,Mid-Block,Non Intersection,No Control,Clear,Daylight,Dry,Non-Fatal Injury,Pedestrian Collisions,Pedestrian,55 to 59,Major,True,False,True,False,False,False,False,False,False,False,D52,17439
2021,2021/04/15,1530,FINCH AVE W,Major Arterial,North York,43.760363,-79.502773,Mid-Block,Non Intersection,No Control,Clear,Daylight,Dry,Fatal,Pedestrian Collisions,Truck Driver,55 to 59,None,True,False,False,False,True,False,False,False,False,False,D31,17440
2022,2022/09/01,2336,WESTON RD,Major Arterial,Etobicoke York,43.691222,-79.500865,Intersection,At Intersection,Traffic Signal,Clear,"Dark, artificial",Dry,Non-Fatal Injury,Angle,Passenger,35 to 39,Minor,False,False,True,False,False,True,True,True,False,False,D12,17441
2021,2021/11/07,1614,DUFFERIN ST,Major Arterial,Toronto and East York,43.668429,-79.438876,Intersection,Intersection Related,Traffic Signal,Clear,Daylight,Dry,Non-Fatal Injury,Sideswipe,Passenger,35 to 39,Minor,False,False,True,False,False,True,True,False,False,False,D14,17442
2021,2021/06/03,2332,1651 ELLESMERE RD,Major Arterial,Scarborough,43.772353,-79.25027,Mid-Block,At/Near Private Drive,Yield Sign,Clear,"Dark, artificial",Dry,Non-Fatal Injury,Turning Movement,Motorcycle Driver,15 to 19,Major,False,False,True,True,False,True,False,False,False,False,D43,17443
2022,2022/01/22,2306,WESTON RD,Major Arterial,Etobicoke York,43.711131,-79.535136,Intersection,Intersection Related,No Control,Clear,"Dark, artificial",Dry,Fatal,Pedestrian Collisions,Driver,30 to 34,None,True,False,True,False,False,False,False,False,False,False,D12,17444
2022,2022/06/21,1530,ADELAIDE ST E,Major Arterial,North York,43.654006,-79.362697,Intersection,At Intersection,Stop Sign,Clear,Daylight,Dry,Non-Fatal Injury,Angle,Motorcycle Driver,25 to 29,Major,False,False,True,True,False,False,True,False,False,False,D51,17445
2021,2021/04/15,1800,DUNDAS ST W,Major Arterial,Toronto and East York,43.652239,-79.405978,Intersection,At Intersection,Traffic Signal,Clear,Daylight,Dry,Non-Fatal Injury,Cyclist Collisions,Driver,unknown,None,False,True,True,False,False,False,False,False,False,False,D14,17446
2021,2021/11/07,1614,DUFFERIN ST,Major Arterial,Toronto and East York,43.668429,-79.438876,Intersection,Intersection Related,Traffic Signal,Clear,Daylight,Dry,Non-Fatal Injury,Sideswipe,Passenger,45 to 49,Minimal,False,False,True,False,False,True,True,False,False,False,D14,17447