YEAR,DATE,TIME,STREET1,ROAD_CLASS,DISTRICT,LATITUDE,LONGITUDE,LOCCOORD,ACCLOC,TRAFFCTL,VISIBILITY,LIGHT,RDSFCOND,ACCLASS,IMPACTYPE,INVTYPE,INVAGE,INJURY,PEDESTRIAN,CYCLIST,AUTOMOBILE,MOTORCYCLE,TRUCK,PASSENGER,SPEEDING,REDLIGHT,ALCOHOL,DISABILITY,DIVISION,Record_ID
2022,2022/09/22,2350,F G GARDINER XY  W,Expressway,Etobicoke York,43.615931,-79.535976,Mid-Block,Non Intersection,No Control,Clear,Dark,Dry,Non-Fatal Injury,Rear End,Driver,25 to 29,Minimal,False,False,True,False,False,True,True,False,False,False,D22,17774
2022,2022/03/05,120,BRIMORTON DR,Collector,Scarborough,43.765364,-79.248927,Intersection,Intersection Related,Traffic Signal,Clear,"Dark, artificial",Dry,Non-Fatal Injury,SMV Other,Driver,20 to 24,Major,False,False,True,False,False,True,True,False,False,False,D43,17775
2021,2021/07/13,745,GERRARD ST E,Minor Arterial,Toronto and East York,43.660609,-79.374698,Intersection,Intersection Related,Stop Sign,Clear,Daylight,Dry,Non-Fatal Injury,Cyclist Collisions,Cyclist,75 to 79,Major,False,True,True,False,False,False,False,False,False,False,D51,17776
2022,2022/07/11,749,F G GARDINER XY  E,Expressway,Toronto and East York,43.641997,-79.379878,Mid-Block,Non Intersection,No Control,Clear,Daylight,Dry,Non-Fatal Injury,Rear End,Driver,50 to 54,Major,False,False,True,False,True,False,False,False,False,False,D52,17777
2021,2021/05/13,1949,SIXTH ST,Collector,Etobicoke York,43.603434,-79.505153,Intersection,At Intersection,No Control,Clear,Daylight,Dry,Non-Fatal Injury,Angle,Motorcycle Passenger,30 to 34,Minor,False,False,False,True,False,True,False,False,False,False,D22,17778
2021,2021/12/12,1930,3805 SHEPPARD AVE E,Major Arterial,Scarborough,43.782389,-79.29182,Mid-Block,Non Intersection,No Control,Strong wind,"Dark, artificial",Dry,Fatal,Pedestrian Collisions,Driver,35 to 39,None,True,False,True,False,False,False,False,False,False,False,D42,17779
2022,2022/09/22,2350,F G GARDINER XY  W,Expressway,Etobicoke York,43.615931,-79.535976,Mid-Block,Non Intersection,No Control,Clear,Dark,Dry,Non-Fatal Injury,Rear End,Passenger,20 to 24,Minimal,False,False,True,False,False,True,True,False,False,False,D22,17780
2022,2022/03/05,120,BRIMORTON DR,Collector,Scarborough,43.765364,-79.248927,Intersection,Intersection Related,Traffic Signal,Clear,"Dark, artificial",Dry,Non-Fatal Injury,SMV Other,Passenger,20 to 24,None,False,False,True,False,False,True,True,False,False,False,D43,17781
2021,2021/07/13,745,GERRARD ST E,Minor Arterial,Toronto and East York,43.660609,-79.374698,Intersection,Intersection Related,Stop Sign,Clear,Daylight,Dry,Non-Fatal Injury,Cyclist Collisions,Driver,50 to 54,None,False,True,True,False,False,False,False,False,False,False,D51,17782
2022,2022/07/11,749,F G GARDINER XY  E,Expressway,Toronto and East York,43.641997,-79.379878,Mid-Block,Non Intersection,No Control,Clear,Daylight,Dry,Non-Fatal Injury,Rear End,Driver,65 to 69,None,False,False,True,False,True,False,False,False,False,False,D52,17783
2021,2021/05/13,2353,GRAVENHURST AVE,Collector,Etobicoke York,43.727954,-79.513789,Intersection,Intersection Related,Stop Sign,Clear,"Dark, artificial",Dry,Non-Fatal Injury,SMV Other,Motorcycle Driver,40 to 44,Major,False,False,False,True,False,False,False,False,False,False,D31,17784
2022,2022/07/12,1407,QUEEN ST W,Major Arterial,Toronto and East York,43.641402,-79.43233,Intersection,At Intersection,Traffic Signal,Clear,Daylight,Dry,Non-Fatal Injury,Pedestrian Collisions,Driver,30 to 34,Minor,True,False,True,False,False,False,False,False,False,False,D14,17785
2021,2021/12/13,1430,MARTIN GROVE RD,Minor Arterial,Etobicoke York,43.75402,-79.600025,Intersection,Intersection Related,Traffic Signal,Clear,Daylight,Dry,Non-Fatal Injury,Cyclist Collisions,Driver,55 to 59,None,False,True,True,False,False,False,False,False,False,False,D23,17786
2022,2022/05/22,1911,2467 QUEEN ST E,Minor Arterial,Toronto and East York,43.673403,-79.283077,Intersection,At Intersection,Stop Sign,Clear,Daylight,Dry,Fatal,SMV Other,Driver,65 to 69,Fatal,False,False,True,False,False,False,False,False,False,False,D55,17787
2022,2022/09/22,2350,F G GARDINER XY  W,Expressway,Etobicoke York,43.615931,-79.535976,Mid-Block,Non Intersection,No Control,Clear,Dark,Dry,Non-Fatal Injury,Rear End,Passenger,20 to 24,Major,False,False,True,False,False,True,True,False,False,False,D22,17788
2021,2021/05/16,2000,F G GARDINER C  E,Expressway,Etobicoke York,43.621478,-79.505779,Mid-Block,Non Intersection,No Control,Clear,Daylight,Dry,Non-Fatal Injury,SMV Other,Driver,70 to 74,Major,False,False,True,False,False,True,False,False,False,False,D22,17790
2022,2022/07/12,1407,QUEEN ST W,Major Arterial,Toronto and East York,43.641402,-79.43233,Intersection,At Intersection,Traffic Signal,Clear,Daylight,Dry,Non-Fatal Injury,Pedestrian Collisions,Driver,60 to 64,None,True,False,True,False,False,False,False,False,False,False,D14,17791
2021,2021/12/13,1430,MARTIN GROVE RD,Minor Arterial,Etobicoke York,43.75402,-79.600025,Intersection,Intersection Related,Traffic Signal,Clear,Daylight,Dry,Non-Fatal Injury,Cyclist Collisions,Cyclist,75 to 79,Major,False,True,True,False,False,False,False,False,False,False,D23,17792
2022,2022/05/22,1911,2467 QUEEN ST E,Minor Arterial,Toronto and East York,43.673403,-79.283077,Intersection,At Intersection,Stop Sign,Clear,Daylight,Dry,Fatal,SMV Other,Other,unknown,None,False,False,True,False,False,False,False,False,False,False,D55,17793
2022,2022/09/23,304,STEELES AVE E,Minor Arterial,Scarborough,43.845439,-79.212268,Mid-Block,Non Intersection,No Control,Clear,Dark,Dry,Fatal,SMV Other,Passenger,15 to 19,Fatal,False,False,True,False,False,True,False,False,False,False,D42,17794
2021,2021/07/14,1440,DON MILLS RD,Major Arterial,Toronto and East York,43.730017,-79.341525,Mid-Block,Non Intersection,No Control,Clear,Daylight,Dry,Non-Fatal Injury,Pedestrian Collisions,Driver,70 to 74,None,True,False,True,False,False,False,False,False,False,False,D33,17795
2022,2022/05/25,1656,COLLEGE ST,Major Arterial,Toronto and East York,43.655512,-79.411853,Mid-Block,Non Intersection,No Control,Clear,Daylight,Dry,Non-Fatal Injury,Cyclist Collisions,Cyclist,40 to 44,Major,False,True,True,False,False,False,False,False,False,False,D14,17796
2022,2022/07/12,1407,QUEEN ST W,Major Arterial,Toronto and East York,43.641402,-79.43233,Intersection,At Intersection,Traffic Signal,Clear,Daylight,Dry,Non-Fatal Injury,Pedestrian Collisions,Pedestrian,50 to 54,Major,True,False,True,False,False,False,False,False,False,False,D14,17798
2021,2021/05/16,2000,F G GARDINER C  E,Expressway,Etobicoke York,43.621478,-79.505779,Mid-Block,Non Intersection,No Control,Clear,Daylight,Dry,Non-Fatal Injury,SMV Other,Passenger,70 to 74,Minor,False,False,True,False,False,True,False,False,False,False,D22,17799
2022,2022/09/23,304,STEELES AVE E,Minor Arterial,Scarborough,43.845439,-79.212268,Mid-Block,Non Intersection,No Control,Clear,Dark,Dry,Fatal,SMV Other,Driver,15 to 19,Minor,False,False,True,False,False,True,False,False,False,False,D42,17800
2021,2021/12/17,2234,KENNEDY RD,Major Arterial,Scarborough,43.777248,-79.285534,Intersection,Intersection Related,Traffic Signal,Clear,"Dark, artificial",Dry,Other,Pedestrian Collisions,Driver,30 to 34,None,True,False,True,False,False,False,False,False,False,False,D42,17801
2022,2022/09/23,304,STEELES AVE E,Minor Arterial,Scarborough,43.845439,-79.212268,Mid-Block,Non Intersection,No Control,Clear,Dark,Dry,Fatal,SMV Other,Passenger,20 to 24,Minor,False,False,True,False,False,True,False,False,False,False,D42,17802
2021,2021/05/17,849,YONGE ST,Major Arterial,North York,43.749819,-79.408077,Mid-Block,Non Intersection,No Control,Clear,Daylight,Dry,Non-Fatal Injury,Cyclist Collisions,Driver,55 to 59,None,False,True,True,False,False,False,False,False,False,False,D32,17803
2021,2021/07/14,1440,DON MILLS RD,Major Arterial,Toronto and East York,43.730017,-79.341525,Mid-Block,Non Intersection,No Control,Clear,Daylight,Dry,Non-Fatal Injury,Pedestrian Collisions,Pedestrian,15 to 19,Major,True,False,True,False,False,False,False,False,False,False,D33,17804
2022,2022/05/25,1656,COLLEGE ST,Major Arterial,Toronto and East York,43.655512,-79.411853,Mid-Block,Non Intersection,No Control,Clear,Daylight,Dry,Non-Fatal Injury,Cyclist Collisions,Driver,30 to 34,None,False,True,True,False,False,False,False,False,False,False,D14,17805
2022,2022/03/06,1521,DUNDAS ST E,Local,Toronto and East York,43.656188,-79.378276,Mid-Block,At/Near Private Drive,No Control,Clear,Daylight,Dry,Fatal,Pedestrian Collisions,Vehicle Owner,unknown,Other,True,False,True,False,False,False,False,False,False,False,D51,17806
2022,2022/03/06,1521,DUNDAS ST E,Local,Toronto and East York,43.656188,-79.378276,Mid-Block,At/Near Private Drive,No Control,Clear,Daylight,Dry,Fatal,Pedestrian Collisions,Pedestrian,45 to 49,Fatal,True,False,True,False,False,False,False,False,False,False,D51,17807
2022,2022/07/12,1508,JANE ST,Major Arterial,North York,43.756674,-79.517574,Mid-Block,Non Intersection,No Control,Clear,Daylight,Dry,Non-Fatal Injury,Pedestrian Collisions,Driver,40 to 44,None,True,False,True,False,False,True,False,False,False,False,D31,17808
2022,2022/09/23,1425,WESTON WOOD RD,Minor Arterial,Etobicoke York,43.69187,-79.530826,Intersection,At Intersection,No Control,Clear,Daylight,Dry,Non-Fatal Injury,Approaching,Driver,35 to 39,Minor,False,False,True,False,False,False,False,False,False,False,D23,17809
2021,2021/07/19,1740,5231 YONGE ST,Major Arterial,North York,43.771399,-79.413409,Mid-Block,Non Intersection,No Control,Clear,Daylight,Dry,Non-Fatal Injury,Cyclist Collisions,Cyclist,30 to 34,Major,False,True,True,False,False,False,False,False,False,False,D32,17810
2022,2022/03/06,1521,DUNDAS ST E,Local,Toronto and East York,43.656188,-79.378276,Mid-Block,At/Near Private Drive,No Control,Clear,Daylight,Dry,Fatal,Pedestrian Collisions,Driver,55 to 59,None,True,False,True,False,False,False,False,False,False,False,D51,17811
2021,2021/12/17,2234,KENNEDY RD,Major Arterial,Scarborough,43.777248,-79.285534,Intersection,Intersection Related,Traffic Signal,Clear,"Dark, artificial",Dry,Other,Pedestrian Collisions,Pedestrian,20 to 24,Major,True,False,True,False,False,False,False,False,False,False,D42,17812
2022,2022/05/25,2312,LAKE SHORE BLVD W,Major Arterial,Toronto and East York,43.630168,-79.426128,Mid-Block,Non Intersection,No Control,Clear,"Dark, artificial",Dry,Fatal,Approaching,Driver,20 to 24,Major,False,False,True,False,False,False,False,False,False,False,D14,17813
2022,2022/09/23,1425,WESTON WOOD RD,Minor Arterial,Etobicoke York,43.69187,-79.530826,Intersection,At Intersection,No Control,Clear,Daylight,Dry,Non-Fatal Injury,Approaching,Driver,75 to 79,Major,False,False,True,False,False,False,False,False,False,False,D23,17814
2022,2022/07/12,1508,JANE ST,Major Arterial,North York,43.756674,-79.517574,Mid-Block,Non Intersection,No Control,Clear,Daylight,Dry,Non-Fatal Injury,Pedestrian Collisions,Passenger,60 to 64,None,True,False,True,False,False,True,False,False,False,False,D31,17815
2021,2021/05/17,849,YONGE ST,Major Arterial,North York,43.749819,-79.408077,Mid-Block,Non Intersection,No Control,Clear,Daylight,Dry,Non-Fatal Injury,Cyclist Collisions,Cyclist,35 to 39,Major,False,True,True,False,False,False,False,False,False,False,D32,17816
2022,2022/07/12,1508,JANE ST,Major Arterial,North York,43.756674,-79.517574,Mid-Block,Non Intersection,No Control,Clear,Daylight,Dry,Non-Fatal Injury,Pedestrian Collisions,Passenger,10 to 14,None,True,False,True,False,False,True,False,False,False,False,D31,17817
2021,2021/07/19,1740,5231 YONGE ST,Major Arterial,North York,43.771399,-79.413409,Mid-Block,Non Intersection,No Control,Clear,Daylight,Dry,Non-Fatal Injury,Cyclist Collisions,Driver,45 to 49,None,False,True,True,False,False,False,False,False,False,False,D32,17818
2022,2022/03/06,2233,460 PAPE AVE,Minor Arterial,Toronto and East York,43.671691,-79.341853,Mid-Block,Non Intersection,No Control,Clear,Dark,Dry,Non-Fatal Injury,Pedestrian Collisions,Driver,45 to 49,None,True,False,True,False,False,False,False,False,False,False,D55,17819
2021,2021/12/18,10,LAWRENCE AVE E,Major Arterial,Scarborough,43.74317,-79.304607,Intersection,At Intersection,Traffic Signal,Clear,"Dark, artificial",Dry,Fatal,Turning Movement,Driver,55 to 59,Fatal,False,False,True,False,False,True,True,False,False,False,D41,17820
2022,2022/05/25,2312,LAKE SHORE BLVD W,Major Arterial,Toronto and East York,43.630168,-79.426128,Mid-Block,Non Intersection,No Control,Clear,"Dark, artificial",Dry,Fatal,Approaching,Driver,40 to 44,Fatal,False,False,True,False,False,False,False,False,False,False,D14,17821
2022,2022/09/24,1100,BLOOR ST W,Major Arterial,Etobicoke York,43.645594,-79.518939,Intersection,At Intersection,Traffic Signal,Clear,Daylight,Dry,Non-Fatal Injury,Pedestrian Collisions,Driver,25 to 29,None,True,False,True,False,False,False,False,False,False,False,D22,17822
2021,2021/05/17,2350,BAYVIEW AVE,Major Arterial,North York,43.784564,-79.392055,Mid-Block,Non Intersection,No Control,Clear,"Dark, artificial",Dry,Non-Fatal Injury,Approaching,Driver,40 to 44,Major,False,False,True,False,False,False,False,False,False,False,D33,17823
2022,2022/07/12,1508,JANE ST,Major Arterial,North York,43.756674,-79.517574,Mid-Block,Non Intersection,No Control,Clear,Daylight,Dry,Non-Fatal Injury,Pedestrian Collisions,Passenger,0 to 4,None,True,False,True,False,False,True,False,False,False,False,D31,17824
2021,2021/12/18,10,LAWRENCE AVE E,Major Arterial,Scarborough,43.74317,-79.304607,Intersection,At Intersection,Traffic Signal,Clear,"Dark, artificial",Dry,Fatal,Turning Movement,Driver,15 to 19,Major,False,False,True,False,False,True,True,False,False,False,D41,17825
2021,2021/07/19,1915,RIDELLE AVE,Local,North York,43.702731,-79.446719,Intersection,At Intersection,Stop Sign,Clear,Daylight,Dry,Non-Fatal Injury,Pedestrian Collisions,Truck Driver,45 to 49,None,True,False,True,False,False,False,False,False,False,False,D13,17826
2022,2022/05/26,831,STEELES AVE E,Major Arterial,North York,43.800986,-79.406207,Intersection,At Intersection,Traffic Signal,Clear,Daylight,Dry,Non-Fatal Injury,Cyclist Collisions,Driver,20 to 24,None,False,True,True,False,False,False,False,False,False,False,D32,17827
2022,2022/03/06,2233,460 PAPE AVE,Minor Arterial,Toronto and East York,43.671691,-79.341853,Mid-Block,Non Intersection,No Control,Clear,Dark,Dry,Non-Fatal Injury,Pedestrian Collisions,Pedestrian,15 to 19,Major,True,False,True,False,False,False,False,False,False,False,D55,17828
2022,2022/09/24,1100,BLOOR ST W,Major Arterial,Etobicoke York,43.645594,-79.518939,Intersection,At Intersection,Traffic Signal,Clear,Daylight,Dry,Non-Fatal Injury,Pedestrian Collisions,Pedestrian,55 to 59,Major,True,False,True,False,False,False,False,False,False,False,D22,17829
2021,2021/05/17,2350,BAYVIEW AVE,Major Arterial,North York,43.784564,-79.392055,Mid-Block,Non Intersection,No Control,Clear,"Dark, artificial",Dry,Non-Fatal Injury,Approaching,Driver,40 to 44,None,False,False,True,False,False,False,False,False,False,False,D33,17830
2022,2022/07/12,1508,JANE ST,Major Arterial,North York,43.756674,-79.517574,Mid-Block,Non Intersection,No Control,Clear,Daylight,Dry,Non-Fatal Injury,Pedestrian Collisions,Pedestrian,15 to 19,Major,True,False,True,False,False,True,False,False,False,False,D31,17831
2022,2022/07/13,345,NORGROVE CRES,Local,Etobicoke York,43.686335,-79.529254,Mid-Block,Non Intersection,No Control,Clear,"Dark, artificial",Dry,Non-Fatal Injury,Pedestrian Collisions,Driver,30 to 34,Minor,True,False,True,False,False,False,False,False,False,False,D23,17832
2021,2021/07/19,1915,RIDELLE AVE,Local,North York,43.702731,-79.446719,Intersection,At Intersection,Stop Sign,Clear,Daylight,Dry,Non-Fatal Injury,Pedestrian Collisions,Pedestrian,75 to 79,Major,True,False,True,False,False,False,False,False,False,False,D13,17833
2022,2022/05/26,831,STEELES AVE E,Major Arterial,North York,43.800986,-79.406207,Intersection,At Intersection,Traffic Signal,Clear,Daylight,Dry,Non-Fatal Injury,Cyclist Collisions,Cyclist,20 to 24,Major,False,True,True,False,False,False,False,False,False,False,D32,17834
2022,2022/03/07,5,145 STEELES AVE E,Major Arterial,North York,43.80054,-79.408313,Mid-Block,Non Intersection,No Control,Clear,"Dark, artificial",Dry,Non-Fatal Injury,Approaching,Driver,45 to 49,Minor,False,False,True,False,False,True,False,False,False,False,D32,17835
2022,2022/09/24,1910,FINCH AVE E,Major Arterial,North York,43.79402,-79.348445,Mid-Block,Non Intersection,No Control,Clear,Dusk,Dry,Non-Fatal Injury,Turning Movement,Motorcycle Driver,20 to 24,Major,False,False,True,True,False,True,False,False,False,False,D33,17836
2021,2021/05/19,1752,8 FRASERWOOD AVE,Local,North York,43.713919,-79.438205,Mid-Block,Non Intersection,No Control,Clear,Daylight,Dry,Non-Fatal Injury,Pedestrian Collisions,Driver,45 to 49,None,True,False,True,False,False,True,False,False,False,False,D13,17837
2021,2021/12/18,10,LAWRENCE AVE E,Major Arterial,Scarborough,43.74317,-79.304607,Intersection,At Intersection,Traffic Signal,Clear,"Dark, artificial",Dry,Fatal,Turning Movement,Passenger,20 to 24,Major,False,False,True,False,False,True,True,False,False,False,D41,17838
2022,2022/07/13,345,NORGROVE CRES,Local,Etobicoke York,43.686335,-79.529254,Mid-Block,Non Intersection,No Control,Clear,"Dark, artificial",Dry,Non-Fatal Injury,Pedestrian Collisions,Pedestrian,30 to 34,Major,True,False,True,False,False,False,False,False,False,False,D23,17839
2022,2022/09/24,1910,FINCH AVE E,Major Arterial,North York,43.79402,-79.348445,Mid-Block,Non Intersection,No Control,Clear,Dusk,Dry,Non-Fatal Injury,Turning Movement,Driver,25 to 29,None,False,False,True,True,False,True,False,False,False,False,D33,17840
2021,2021/07/19,2343,DIXON RD,Major Arterial,Etobicoke York,43.699736,-79.534396,Mid-Block,Non Intersection,No Control,Clear,"Dark, artificial",Dry,Non-Fatal Injury,SMV Other,Driver,60 to 64,None,True,False,True,False,False,False,False,False,False,False,D23,17841
2022,2022/03/07,5,145 STEELES AVE E,Major Arterial,North York,43.80054,-79.408313,Mid-Block,Non Intersection,No Control,Clear,"Dark, artificial",Dry,Non-Fatal Injury,Approaching,Driver,65 to 69,Major,False,False,True,False,False,True,False,False,False,False,D32,17842
2021,2021/07/19,2343,DIXON RD,Major Arterial,Etobicoke York,43.699736,-79.534396,Mid-Block,Non Intersection,No Control,Clear,"Dark, artificial",Dry,Non-Fatal Injury,SMV Other,Pedestrian,50 to 54,Major,True,False,True,False,False,False,False,False,False,False,D23,17843
2021,2021/05/19,1752,8 FRASERWOOD AVE,Local,North York,43.713919,-79.438205,Mid-Block,Non Intersection,No Control,Clear,Daylight,Dry,Non-Fatal Injury,Pedestrian Collisions,Passenger,50 to 54,None,True,False,True,False,False,True,False,False,False,False,D13,17845
2022,2022/07/13,1311,LAKESHORE BLVD E,Major Arterial,Toronto and East York,43.644316,-79.374988,Mid-Block,Non Intersection,No Control,Clear,Daylight,Dry,Non-Fatal Injury,Rear End,Driver,30 to 34,Major,False,False,True,False,True,False,False,False,False,False,D51,17847
2022,2022/09/24,1910,FINCH AVE E,Major Arterial,North York,43.79402,-79.348445,Mid-Block,Non Intersection,No Control,Clear,Dusk,Dry,Non-Fatal Injury,Turning Movement,Passenger,25 to 29,None,False,False,True,True,False,True,False,False,False,False,D33,17848
2022,2022/05/28,2015,DON VALLEY PARKWAY  S,Expressway,North York,43.739955,-79.332233,Mid-Block,Non Intersection,No Control,Clear,Daylight,Dry,Non-Fatal Injury,Rear End,Motorcycle Driver,40 to 44,Major,False,False,True,True,False,False,False,False,False,False,D33,17850
2022,2022/07/13,1311,LAKESHORE BLVD E,Major Arterial,Toronto and East York,43.644316,-79.374988,Mid-Block,Non Intersection,No Control,Clear,Daylight,Dry,Non-Fatal Injury,Rear End,Truck Driver,50 to 54,None,False,False,True,False,True,False,False,False,False,False,D51,17851
2021,2021/07/20,1611,CARLINGVIEW DR,Major Arterial,Etobicoke York,43.690688,-79.597316,Intersection,At Intersection,No Control,Clear,Daylight,Dry,Fatal,SMV Other,Driver,65 to 69,Fatal,False,False,True,False,False,True,False,False,False,False,D23,17852
2022,2022/03/07,5,145 STEELES AVE E,Major Arterial,North York,43.80054,-79.408313,Mid-Block,Non Intersection,No Control,Clear,"Dark, artificial",Dry,Non-Fatal Injury,Approaching,Driver,55 to 59,Minor,False,False,True,False,False,True,False,False,False,False,D32,17853
2021,2021/07/20,1611,CARLINGVIEW DR,Major Arterial,Etobicoke York,43.690688,-79.597316,Intersection,At Intersection,No Control,Clear,Daylight,Dry,Fatal,SMV Other,Passenger,65 to 69,Fatal,False,False,True,False,False,True,False,False,False,False,D23,17854
2021,2021/05/19,1752,8 FRASERWOOD AVE,Local,North York,43.713919,-79.438205,Mid-Block,Non Intersection,No Control,Clear,Daylight,Dry,Non-Fatal Injury,Pedestrian Collisions,Passenger,0 to 4,None,True,False,True,False,False,True,False,False,False,False,D13,17855
2022,2022/05/28,2015,DON VALLEY PARKWAY  S,Expressway,North York,43.739955,-79.332233,Mid-Block,Non Intersection,No Control,Clear,Daylight,Dry,Non-Fatal Injury,Rear End,Driver,15 to 19,None,False,False,True,True,False,False,False,False,False,False,D33,17858
2022,2022/07/13,2338,EGLINTON AVE E,Major Arterial,Scarborough,43.737025,-79.246127,Intersection,At Intersection,Traffic Signal,Clear,Dark,Dry,Non-Fatal Injury,Pedestrian Collisions,Driver,50 to 54,None,True,False,True,False,False,False,False,False,False,False,D43,17859
2021,2021/07/21,1937,27 S 427 C S RAMP,Expressway Ramp,Etobicoke York,43.677428,-79.577968,Mid-Block,Non Intersection,No Control,Clear,Daylight,Dry,Fatal,Rear End,Driver,35 to 39,Minimal,False,False,True,False,False,True,True,False,False,False,D23,17860
2022,2022/03/07,5,145 STEELES AVE E,Major Arterial,North York,43.80054,-79.408313,Mid-Block,Non Intersection,No Control,Clear,"Dark, artificial",Dry,Non-Fatal Injury,Approaching,Passenger,25 to 29,Minor,False,False,True,False,False,True,False,False,False,False,D32,17861
2022,2022/05/30,1847,QUEENS QUAY E,Minor Arterial,Toronto and East York,43.645484,-79.364284,Intersection,At Intersection,No Control,Clear,Daylight,Dry,Non-Fatal Injury,Cyclist Collisions,Driver,50 to 54,None,False,True,True,False,False,False,False,False,False,False,D51,17863
2021,2021/05/19,1752,8 FRASERWOOD AVE,Local,North York,43.713919,-79.438205,Mid-Block,Non Intersection,No Control,Clear,Daylight,Dry,Non-Fatal Injury,Pedestrian Collisions,Passenger,0 to 4,None,True,False,True,False,False,True,False,False,False,False,D13,17865
2022,2022/07/13,2338,EGLINTON AVE E,Major Arterial,Scarborough,43.737025,-79.246127,Intersection,At Intersection,Traffic Signal,Clear,Dark,Dry,Non-Fatal Injury,Pedestrian Collisions,Pedestrian,50 to 54,Major,True,False,True,False,False,False,False,False,False,False,D43,17866
2021,2021/07/21,1937,27 S 427 C S RAMP,Expressway Ramp,Etobicoke York,43.677428,-79.577968,Mid-Block,Non Intersection,No Control,Clear,Daylight,Dry,Fatal,Rear End,Driver,35 to 39,None,False,False,True,False,False,True,True,False,False,False,D23,17867
2022,2022/03/07,930,BATHURST ST,Major Arterial,North York,43.733817,-79.433131,Intersection,At Intersection,Traffic Signal,Rain,Daylight,Wet,Non-Fatal Injury,Pedestrian Collisions,Driver,30 to 34,None,True,False,True,False,False,False,False,False,False,False,D32,17868
2021,2021/12/22,1353,MCCOWAN RD,Major Arterial,Scarborough,43.820834,-79.273273,Mid-Block,Non Intersection,No Control,Snow,Daylight,Wet,Fatal,SMV Other,Driver,65 to 69,Fatal,False,False,True,False,False,False,False,False,False,False,D42,17871
2021,2021/05/19,1752,8 FRASERWOOD AVE,Local,North York,43.713919,-79.438205,Mid-Block,Non Intersection,No Control,Clear,Daylight,Dry,Non-Fatal Injury,Pedestrian Collisions,Pedestrian,5 to 9,Major,True,False,True,False,False,True,False,False,False,False,D13,17872
2022,2022/07/14,1600,EVANS AVE,Major Arterial,Etobicoke York,43.61344,-79.536372,Intersection,At Intersection,Traffic Signal,Clear,Daylight,Dry,Non-Fatal Injury,Cyclist Collisions,Driver,75 to 79,None,False,True,True,False,False,False,False,False,False,False,D22,17873
2021,2021/07/21,1937,27 S 427 C S RAMP,Expressway Ramp,Etobicoke York,43.677428,-79.577968,Mid-Block,Non Intersection,No Control,Clear,Daylight,Dry,Fatal,Rear End,Passenger,35 to 39,Fatal,False,False,True,False,False,True,True,False,False,False,D23,17874
2022,2022/03/07,930,BATHURST ST,Major Arterial,North York,43.733817,-79.433131,Intersection,At Intersection,Traffic Signal,Rain,Daylight,Wet,Non-Fatal Injury,Pedestrian Collisions,Pedestrian,80 to 84,Major,True,False,True,False,False,False,False,False,False,False,D32,17875
2022,2022/09/25,316,GAMMA ST,Local,Etobicoke York,43.60818,-79.539325,Mid-Block,Non Intersection,No Control,Clear,"Dusk, artificial",Dry,Non-Fatal Injury,Pedestrian Collisions,Driver,45 to 49,None,True,False,True,False,False,False,False,False,True,False,D22,17876
2021,2021/12/25,1219,KING ST W,Major Arterial,Toronto and East York,43.637129,-79.435771,Mid-Block,Non Intersection,No Control,Clear,Daylight,Wet,Non-Fatal Injury,SMV Other,Driver,25 to 29,None,False,False,False,False,False,True,False,False,False,False,D14,17877
2021,2021/07/21,1937,27 S 427 C S RAMP,Expressway Ramp,Etobicoke York,43.677428,-79.577968,Mid-Block,Non Intersection,No Control,Clear,Daylight,Dry,Fatal,Rear End,Passenger,35 to 39,Minimal,False,False,True,False,False,True,True,False,False,False,D23,17878
2021,2021/05/20,1438,KINGSTON RD,Major Arterial,Scarborough,43.724314,-79.233272,Intersection,At Intersection,No Control,Clear,Daylight,Dry,Fatal,Pedestrian Collisions,Wheelchair,65 to 69,Fatal,True,False,True,False,False,False,False,False,False,False,D43,17879
2022,2022/07/14,1600,EVANS AVE,Major Arterial,Etobicoke York,43.61344,-79.536372,Intersection,At Intersection,Traffic Signal,Clear,Daylight,Dry,Non-Fatal Injury,Cyclist Collisions,Cyclist,60 to 64,Major,False,True,True,False,False,False,False,False,False,False,D22,17880
2022,2022/03/08,700,DUNDAS ST W,Minor Arterial,North York,43.664412,-79.458736,Intersection,At Intersection,Traffic Signal,Clear,Daylight,Dry,Non-Fatal Injury,Rear End,Driver,75 to 79,Major,False,False,True,False,False,False,False,False,False,False,D11,17881
2022,2022/07/15,1830,UNIVERSITY AVE,Major Arterial,Toronto and East York,43.656253,-79.388934,Intersection,At Intersection,Traffic Signal,Clear,Daylight,Dry,Non-Fatal Injury,Angle,Driver,25 to 29,Major,False,False,True,False,False,False,False,True,False,False,D52,17882
2022,2022/05/30,1847,QUEENS QUAY E,Minor Arterial,Toronto and East York,43.645484,-79.364284,Intersection,At Intersection,No Control,Clear,Daylight,Dry,Non-Fatal Injury,Cyclist Collisions,Cyclist,10 to 14,Major,False,True,True,False,False,False,False,False,False,False,D51,17883