YEAR,DATE,TIME,STREET1,ROAD_CLASS,DISTRICT,LATITUDE,LONGITUDE,LOCCOORD,ACCLOC,TRAFFCTL,VISIBILITY,LIGHT,RDSFCOND,ACCLASS,IMPACTYPE,INVTYPE,INVAGE,INJURY,PEDESTRIAN,CYCLIST,AUTOMOBILE,MOTORCYCLE,TRUCK,PASSENGER,SPEEDING,REDLIGHT,ALCOHOL,DISABILITY,DIVISION,Record_ID
2022,2022/11/02,1127,YORK MILLS RD,Major Arterial,North York,43.744746,-79.399562,Intersection,At Intersection,No Control,Clear,"Daylight, artificial",Dry,Non-Fatal Injury,Cyclist Collisions,Cyclist,65 to 69,Major,False,True,True,False,False,False,False,False,False,False,D32,18088
2022,2022/11/03,1500,LESLIE ST,Major Arterial,North York,43.791484,-79.36835,Intersection,At Intersection,Stop Sign,"Fog, Mist, Smoke, Dust",Daylight,Dry,Non-Fatal Injury,Pedestrian Collisions,Driver,55 to 59,None,True,False,True,False,False,False,False,False,False,False,D33,18089
2022,2022/11/03,1500,LESLIE ST,Major Arterial,North York,43.791484,-79.36835,Intersection,At Intersection,Stop Sign,"Fog, Mist, Smoke, Dust",Daylight,Dry,Non-Fatal Injury,Pedestrian Collisions,Pedestrian,25 to 29,Major,True,False,True,False,False,False,False,False,False,False,D33,18090
2022,2022/11/05,210,BATHURST ST,Major Arterial,Toronto and East York,43.661509,-79.40974,Intersection,Intersection Related,Traffic Signal,Clear,"Dark, artificial",Dry,Non-Fatal Injury,Pedestrian Collisions,Driver,unknown,None,True,False,True,False,False,False,False,False,False,False,D14,18091
2022,2022/11/05,210,BATHURST ST,Major Arterial,Toronto and East York,43.661509,-79.40974,Intersection,Intersection Related,Traffic Signal,Clear,"Dark, artificial",Dry,Non-Fatal Injury,Pedestrian Collisions,Pedestrian,20 to 24,Major,True,False,True,False,False,False,False,False,False,False,D14,18092
2022,2022/11/05,935,7431 KINGSTON RD,Major Arterial,Scarborough,43.800692,-79.143199,Mid-Block,Non Intersection,No Control,Clear,Daylight,Dry,Non-Fatal Injury,Approaching,Driver,25 to 29,Major,False,False,True,False,False,False,False,False,False,False,D42,18093
2022,2022/11/05,935,7431 KINGSTON RD,Major Arterial,Scarborough,43.800692,-79.143199,Mid-Block,Non Intersection,No Control,Clear,Daylight,Dry,Non-Fatal Injury,Approaching,Driver,55 to 59,Minor,False,False,True,False,False,False,False,False,False,False,D42,18094
2022,2022/11/08,1808,MILLWICK DR,Major Arterial,Etobicoke York,43.759955,-79.571773,Intersection,At Intersection,Traffic Signal,Clear,"Dark, artificial",Dry,Non-Fatal Injury,Pedestrian Collisions,Driver,65 to 69,None,True,False,True,False,False,False,False,False,False,False,D31,18095
2022,2022/11/08,1808,MILLWICK DR,Major Arterial,Etobicoke York,43.759955,-79.571773,Intersection,At Intersection,Traffic Signal,Clear,"Dark, artificial",Dry,Non-Fatal Injury,Pedestrian Collisions,Pedestrian,45 to 49,Major,True,False,True,False,False,False,False,False,False,False,D31,18096
2022,2022/11/09,1422,BAYVIEW AVE,Major Arterial,North York,43.788016,-79.392719,Intersection,At Intersection,Traffic Signal,Clear,Daylight,Dry,Non-Fatal Injury,Pedestrian Collisions,Driver,85 to 89,None,True,False,True,False,False,False,False,False,False,False,D33,18097
2022,2022/11/09,1422,BAYVIEW AVE,Major Arterial,North York,43.788016,-79.392719,Intersection,At Intersection,Traffic Signal,Clear,Daylight,Dry,Non-Fatal Injury,Pedestrian Collisions,Pedestrian,80 to 84,Major,True,False,True,False,False,False,False,False,False,False,D33,18098
2022,2022/11/09,1812,COLLEGE ST,Major Arterial,Toronto and East York,43.654647,-79.421451,Intersection,At Intersection,No Control,Clear,"Dark, artificial",Dry,Non-Fatal Injury,Cyclist Collisions,Cyclist,25 to 29,Major,False,True,True,False,False,False,False,False,False,False,D14,18099
2022,2022/11/09,1812,COLLEGE ST,Major Arterial,Toronto and East York,43.654647,-79.421451,Intersection,At Intersection,No Control,Clear,"Dark, artificial",Dry,Non-Fatal Injury,Cyclist Collisions,Driver,15 to 19,None,False,True,True,False,False,False,False,False,False,False,D14,18100
2022,2022/11/12,2030,SHOREHAM DR,Minor Arterial,North York,43.772437,-79.511371,Intersection,Intersection Related,Traffic Signal,Clear,"Dark, artificial",Dry,Non-Fatal Injury,Pedestrian Collisions,Driver,unknown,None,True,False,False,False,False,False,False,False,False,False,D31,18101
2022,2022/11/12,2030,SHOREHAM DR,Minor Arterial,North York,43.772437,-79.511371,Intersection,Intersection Related,Traffic Signal,Clear,"Dark, artificial",Dry,Non-Fatal Injury,Pedestrian Collisions,Pedestrian,15 to 19,Major,True,False,False,False,False,False,False,False,False,False,D31,18102
2022,2022/11/13,1657,ROYAL YORK RD,Minor Arterial,Etobicoke York,43.638873,-79.508479,Mid-Block,Non Intersection,No Control,Clear,Daylight,Dry,Non-Fatal Injury,SMV Other,Driver,65 to 69,Major,False,False,True,False,False,False,True,False,False,False,D22,18103
2022,2022/11/13,1838,PEARSON AV,Collector,Toronto and East York,43.642966,-79.442165,Intersection,At Intersection,Stop Sign,Clear,"Dusk, artificial",Dry,Non-Fatal Injury,Cyclist Collisions,Driver,65 to 69,None,False,True,True,False,False,False,False,False,False,False,D11,18104
2022,2022/11/13,1838,PEARSON AV,Collector,Toronto and East York,43.642966,-79.442165,Intersection,At Intersection,Stop Sign,Clear,"Dusk, artificial",Dry,Non-Fatal Injury,Cyclist Collisions,Cyclist,25 to 29,Major,False,True,True,False,False,False,False,False,False,False,D11,18105
2022,2022/11/15,1825,DON MILLS RD,Major Arterial,Toronto and East York,43.701083,-79.337535,Mid-Block,Non Intersection,No Control,Rain,Dusk,Wet,Fatal,Rear End,Driver,75 to 79,Fatal,False,False,True,False,False,False,False,False,False,True,D55,18108
2022,2022/11/15,1825,DON MILLS RD,Major Arterial,Toronto and East York,43.701083,-79.337535,Mid-Block,Non Intersection,No Control,Rain,Dusk,Wet,Fatal,Rear End,Driver,45 to 49,None,False,False,True,False,False,False,False,False,False,True,D55,18109
2022,2022/11/15,2127,WILSON HEIGHTS BV,Minor Arterial,North York,43.748702,-79.454868,Intersection,At Intersection,Traffic Signal,Snow,"Dark, artificial",Wet,Non-Fatal Injury,Pedestrian Collisions,Driver,50 to 54,None,True,False,True,False,False,False,False,False,False,False,D32,18110
2022,2022/11/15,2127,WILSON HEIGHTS BV,Minor Arterial,North York,43.748702,-79.454868,Intersection,At Intersection,Traffic Signal,Snow,"Dark, artificial",Wet,Non-Fatal Injury,Pedestrian Collisions,Pedestrian,25 to 29,Major,True,False,True,False,False,False,False,False,False,False,D32,18111
2022,2022/11/17,1640,519 OLD WESTON RD,Minor Arterial,Toronto and East York,43.67723,-79.464153,Mid-Block,Non Intersection,No Control,Clear,Daylight,Dry,Non-Fatal Injury,Approaching,Driver,40 to 44,Major,False,False,True,False,False,True,False,False,False,True,D12,18112
2022,2022/11/17,1640,519 OLD WESTON RD,Minor Arterial,Toronto and East York,43.67723,-79.464153,Mid-Block,Non Intersection,No Control,Clear,Daylight,Dry,Non-Fatal Injury,Approaching,Driver,65 to 69,None,False,False,True,False,False,True,False,False,False,True,D12,18113
2022,2022/11/17,1640,519 OLD WESTON RD,Minor Arterial,Toronto and East York,43.67723,-79.464153,Mid-Block,Non Intersection,No Control,Clear,Daylight,Dry,Non-Fatal Injury,Approaching,Driver,40 to 44,None,False,False,True,False,False,True,False,False,False,True,D12,18114
2022,2022/11/17,1640,519 OLD WESTON RD,Minor Arterial,Toronto and East York,43.67723,-79.464153,Mid-Block,Non Intersection,No Control,Clear,Daylight,Dry,Non-Fatal Injury,Approaching,Passenger,10 to 14,None,False,False,True,False,False,True,False,False,False,True,D12,18115
2022,2022/11/21,1404,KIPLING AVE,Major Arterial,Etobicoke York,43.715514,-79.568485,Intersection,At Intersection,Traffic Signal,Clear,Daylight,Dry,Non-Fatal Injury,Turning Movement,Driver,30 to 34,None,False,False,True,False,False,True,True,False,False,False,D23,18116
2022,2022/11/21,1404,KIPLING AVE,Major Arterial,Etobicoke York,43.715514,-79.568485,Intersection,At Intersection,Traffic Signal,Clear,Daylight,Dry,Non-Fatal Injury,Turning Movement,Driver,70 to 74,Major,False,False,True,False,False,True,True,False,False,False,D23,18117
2022,2022/11/21,1404,KIPLING AVE,Major Arterial,Etobicoke York,43.715514,-79.568485,Intersection,At Intersection,Traffic Signal,Clear,Daylight,Dry,Non-Fatal Injury,Turning Movement,Driver,35 to 39,None,False,False,True,False,False,True,True,False,False,False,D23,18118
2022,2022/11/21,1404,KIPLING AVE,Major Arterial,Etobicoke York,43.715514,-79.568485,Intersection,At Intersection,Traffic Signal,Clear,Daylight,Dry,Non-Fatal Injury,Turning Movement,Passenger,60 to 64,Major,False,False,True,False,False,True,True,False,False,False,D23,18119
2022,2022/11/21,1609,KINGSTON RD,Major Arterial,Scarborough,43.803805,-79.137714,Mid-Block,Non Intersection,No Control,Clear,Daylight,Dry,Non-Fatal Injury,Cyclist Collisions,Driver,70 to 74,None,False,True,True,False,False,False,False,False,False,False,D42,18120
2022,2022/11/21,1609,KINGSTON RD,Major Arterial,Scarborough,43.803805,-79.137714,Mid-Block,Non Intersection,No Control,Clear,Daylight,Dry,Non-Fatal Injury,Cyclist Collisions,Cyclist,55 to 59,Major,False,True,True,False,False,False,False,False,False,False,D42,18121
2022,2022/11/21,1830,JANE ST,Major Arterial,North York,43.741168,-79.513637,Intersection,Intersection Related,Traffic Signal,Clear,"Dark, artificial",Dry,Non-Fatal Injury,Rear End,Driver,55 to 59,None,False,False,True,False,False,True,False,False,False,False,D31,18122
2022,2022/11/21,1830,JANE ST,Major Arterial,North York,43.741168,-79.513637,Intersection,Intersection Related,Traffic Signal,Clear,"Dark, artificial",Dry,Non-Fatal Injury,Rear End,Driver,65 to 69,None,False,False,True,False,False,True,False,False,False,False,D31,18123
2022,2022/11/21,1830,JANE ST,Major Arterial,North York,43.741168,-79.513637,Intersection,Intersection Related,Traffic Signal,Clear,"Dark, artificial",Dry,Non-Fatal Injury,Rear End,Driver,40 to 44,Minimal,False,False,True,False,False,True,False,False,False,False,D31,18124
2022,2022/11/21,1830,JANE ST,Major Arterial,North York,43.741168,-79.513637,Intersection,Intersection Related,Traffic Signal,Clear,"Dark, artificial",Dry,Non-Fatal Injury,Rear End,Passenger,25 to 29,Major,False,False,True,False,False,True,False,False,False,False,D31,18125
2022,2022/11/23,1627,ST CLAIR AVE E,Major Arterial,Scarborough,43.68801,-79.394099,Intersection,At Intersection,Traffic Signal,Clear,Daylight,Dry,Fatal,Cyclist Collisions,Cyclist,20 to 24,Fatal,False,True,True,False,False,False,False,False,False,False,D53,18126
2022,2022/11/23,1627,ST CLAIR AVE E,Major Arterial,Scarborough,43.68801,-79.394099,Intersection,At Intersection,Traffic Signal,Clear,Daylight,Dry,Fatal,Cyclist Collisions,Driver,60 to 64,None,False,True,True,False,False,False,False,False,False,False,D53,18127
2022,2022/11/25,1251,1100 QUEEN ST W,Major Arterial,Toronto and East York,43.643286,-79.422908,Mid-Block,Non Intersection,No Control,Clear,Daylight,Dry,Non-Fatal Injury,Pedestrian Collisions,Driver,85 to 89,None,True,False,True,False,False,False,False,False,False,False,D14,18128
2022,2022/11/25,1251,1100 QUEEN ST W,Major Arterial,Toronto and East York,43.643286,-79.422908,Mid-Block,Non Intersection,No Control,Clear,Daylight,Dry,Non-Fatal Injury,Pedestrian Collisions,Pedestrian,20 to 24,Major,True,False,True,False,False,False,False,False,False,False,D14,18129
2022,2022/11/25,2245,PAPE AVE,Major Arterial,Toronto and East York,43.683192,-79.346416,Intersection,Intersection Related,No Control,Clear,"Dark, artificial",Dry,Non-Fatal Injury,Sideswipe,Driver,30 to 34,None,False,False,True,False,False,True,False,False,False,False,D55,18130
2022,2022/11/25,2245,PAPE AVE,Major Arterial,Toronto and East York,43.683192,-79.346416,Intersection,Intersection Related,No Control,Clear,"Dark, artificial",Dry,Non-Fatal Injury,Sideswipe,Driver,15 to 19,Minor,False,False,True,False,False,True,False,False,False,False,D55,18131
2022,2022/11/25,2245,PAPE AVE,Major Arterial,Toronto and East York,43.683192,-79.346416,Intersection,Intersection Related,No Control,Clear,"Dark, artificial",Dry,Non-Fatal Injury,Sideswipe,Driver,25 to 29,Minimal,False,False,True,False,False,True,False,False,False,False,D55,18132
2022,2022/11/25,2245,PAPE AVE,Major Arterial,Toronto and East York,43.683192,-79.346416,Intersection,Intersection Related,No Control,Clear,"Dark, artificial",Dry,Non-Fatal Injury,Sideswipe,Passenger,25 to 29,Major,False,False,True,False,False,True,False,False,False,False,D55,18133
2022,2022/11/26,1134,KINGSTON RD,Major Arterial,Scarborough,43.794814,-79.152499,Intersection,At Intersection,Traffic Signal,Clear,Daylight,Dry,Non-Fatal Injury,Turning Movement,Driver,65 to 69,None,False,False,True,False,False,True,False,True,False,False,D43,18134
2022,2022/11/26,1134,KINGSTON RD,Major Arterial,Scarborough,43.794814,-79.152499,Intersection,At Intersection,Traffic Signal,Clear,Daylight,Dry,Non-Fatal Injury,Turning Movement,Driver,35 to 39,Minor,False,False,True,False,False,True,False,True,False,False,D43,18135
2022,2022/11/26,1134,KINGSTON RD,Major Arterial,Scarborough,43.794814,-79.152499,Intersection,At Intersection,Traffic Signal,Clear,Daylight,Dry,Non-Fatal Injury,Turning Movement,Passenger,45 to 49,None,False,False,True,False,False,True,False,True,False,False,D43,18136
2022,2022/11/26,1134,KINGSTON RD,Major Arterial,Scarborough,43.794814,-79.152499,Intersection,At Intersection,Traffic Signal,Clear,Daylight,Dry,Non-Fatal Injury,Turning Movement,Passenger,20 to 24,Major,False,False,True,False,False,True,False,True,False,False,D43,18137
2022,2022/11/26,1248,LAKE SHORE BV W,Major Arterial,Etobicoke York,43.594088,-79.534808,Mid-Block,Non Intersection,No Control,Clear,Daylight,Dry,Non-Fatal Injury,Pedestrian Collisions,Other,85 to 89,None,True,False,True,False,False,False,False,False,False,False,D22,18138
2022,2022/11/26,1248,LAKE SHORE BV W,Major Arterial,Etobicoke York,43.594088,-79.534808,Mid-Block,Non Intersection,No Control,Clear,Daylight,Dry,Non-Fatal Injury,Pedestrian Collisions,Pedestrian,75 to 79,Major,True,False,True,False,False,False,False,False,False,False,D22,18139
2022,2022/11/26,1619,MARKHAM RD,Major Arterial,Scarborough,43.738677,-79.216975,Intersection,At Intersection,Traffic Signal,Clear,Daylight,Dry,Non-Fatal Injury,Turning Movement,Driver,55 to 59,Major,False,False,True,False,False,False,False,False,False,False,D43,18140
2022,2022/11/26,1619,MARKHAM RD,Major Arterial,Scarborough,43.738677,-79.216975,Intersection,At Intersection,Traffic Signal,Clear,Daylight,Dry,Non-Fatal Injury,Turning Movement,Driver,20 to 24,Minor,False,False,True,False,False,False,False,False,False,False,D43,18141
2022,2022/11/27,1810,BATHURST ST,Major Arterial,Toronto and East York,43.638747,-79.400577,Intersection,At Intersection,Traffic Signal,Rain,"Dark, artificial",Wet,Non-Fatal Injury,Pedestrian Collisions,Driver,35 to 39,None,True,False,True,False,False,False,False,False,False,False,D14,18142
2022,2022/11/27,1810,BATHURST ST,Major Arterial,Toronto and East York,43.638747,-79.400577,Intersection,At Intersection,Traffic Signal,Rain,"Dark, artificial",Wet,Non-Fatal Injury,Pedestrian Collisions,Pedestrian,20 to 24,Major,True,False,True,False,False,False,False,False,False,False,D14,18143
2022,2022/11/27,1943,ALBION RD,Major Arterial,Etobicoke York,43.73828,-79.57162,Intersection,Intersection Related,No Control,Rain,"Dark, artificial",Wet,Property Damage Only,Pedestrian Collisions,Driver,40 to 44,None,True,False,True,False,False,False,False,False,False,False,D23,18144
2022,2022/11/27,1943,ALBION RD,Major Arterial,Etobicoke York,43.73828,-79.57162,Intersection,Intersection Related,No Control,Rain,"Dark, artificial",Wet,Property Damage Only,Pedestrian Collisions,Pedestrian,45 to 49,Major,True,False,True,False,False,False,False,False,False,False,D23,18145
2022,2022/11/28,840,LINDEN AVE,Local,Scarborough,43.72008,-79.25677,Intersection,Intersection Related,No Control,Clear,Daylight,Dry,Non-Fatal Injury,Pedestrian Collisions,Driver,35 to 39,None,True,False,True,False,False,False,False,False,False,False,D41,18146
2022,2022/11/28,840,LINDEN AVE,Local,Scarborough,43.72008,-79.25677,Intersection,Intersection Related,No Control,Clear,Daylight,Dry,Non-Fatal Injury,Pedestrian Collisions,Pedestrian,10 to 14,Major,True,False,True,False,False,False,False,False,False,False,D41,18147
2022,2022/12/01,2130,BLUE JAYS WY,Minor Arterial,Toronto and East York,43.643412,-79.391261,Intersection,At Intersection,Traffic Signal,Clear,Dark,Dry,Non-Fatal Injury,Cyclist Collisions,Driver,unknown,None,False,True,True,False,False,False,False,True,False,False,D52,18148
2022,2022/12/01,2130,BLUE JAYS WY,Minor Arterial,Toronto and East York,43.643412,-79.391261,Intersection,At Intersection,Traffic Signal,Clear,Dark,Dry,Non-Fatal Injury,Cyclist Collisions,Cyclist,20 to 24,Major,False,True,True,False,False,False,False,True,False,False,D52,18149
2022,2022/12/03,1205,EGLINTON AVE E,Major Arterial,Scarborough,43.735591,-79.252673,Mid-Block,Non Intersection,No Control,Clear,Daylight,Wet,Non-Fatal Injury,Rear End,Driver,35 to 39,Major,False,False,True,False,False,True,False,False,False,False,D41,18151
2022,2022/12/03,1205,EGLINTON AVE E,Major Arterial,Scarborough,43.735591,-79.252673,Mid-Block,Non Intersection,No Control,Clear,Daylight,Wet,Non-Fatal Injury,Rear End,Driver,25 to 29,Minimal,False,False,True,False,False,True,False,False,False,False,D41,18152
2022,2022/12/03,1205,EGLINTON AVE E,Major Arterial,Scarborough,43.735591,-79.252673,Mid-Block,Non Intersection,No Control,Clear,Daylight,Wet,Non-Fatal Injury,Rear End,Driver,50 to 54,None,False,False,True,False,False,True,False,False,False,False,D41,18153
2022,2022/12/03,1205,EGLINTON AVE E,Major Arterial,Scarborough,43.735591,-79.252673,Mid-Block,Non Intersection,No Control,Clear,Daylight,Wet,Non-Fatal Injury,Rear End,Passenger,25 to 29,Minimal,False,False,True,False,False,True,False,False,False,False,D41,18154
2022,2022/12/05,1505,INNISWOOD DR,Local,Scarborough,43.73823,-79.305957,Mid-Block,Non Intersection,No Control,Clear,Daylight,Dry,Non-Fatal Injury,Pedestrian Collisions,Driver,40 to 44,None,True,False,True,False,False,True,False,False,False,False,D41,18155
2022,2022/12/05,1505,INNISWOOD DR,Local,Scarborough,43.73823,-79.305957,Mid-Block,Non Intersection,No Control,Clear,Daylight,Dry,Non-Fatal Injury,Pedestrian Collisions,Passenger,10 to 14,None,True,False,True,False,False,True,False,False,False,False,D41,18156
2022,2022/12/05,1505,INNISWOOD DR,Local,Scarborough,43.73823,-79.305957,Mid-Block,Non Intersection,No Control,Clear,Daylight,Dry,Non-Fatal Injury,Pedestrian Collisions,Pedestrian,10 to 14,Major,True,False,True,False,False,True,False,False,False,False,D41,18157
2022,2022/12/05,2018,LAWRENCE AV E,Major Arterial,North York,43.741168,-79.317989,Mid-Block,Non Intersection,No Control,Clear,"Dark, artificial",Dry,Non-Fatal Injury,Pedestrian Collisions,Driver,55 to 59,None,True,False,True,False,False,False,False,False,False,False,D33,18158
2022,2022/12/05,2018,LAWRENCE AV E,Major Arterial,North York,43.741168,-79.317989,Mid-Block,Non Intersection,No Control,Clear,"Dark, artificial",Dry,Non-Fatal Injury,Pedestrian Collisions,Driver,20 to 24,None,True,False,True,False,False,False,False,False,False,False,D33,18159
2022,2022/12/05,2018,LAWRENCE AV E,Major Arterial,North York,43.741168,-79.317989,Mid-Block,Non Intersection,No Control,Clear,"Dark, artificial",Dry,Non-Fatal Injury,Pedestrian Collisions,Pedestrian,60 to 64,Major,True,False,True,False,False,False,False,False,False,False,D33,18160
2022,2022/12/09,2038,MCCOWAN RD,Major Arterial,Scarborough,43.772727,-79.251537,Mid-Block,Non Intersection,No Control,Clear,"Dark, artificial",Dry,Non-Fatal Injury,Sideswipe,Driver,75 to 79,None,False,False,True,False,False,False,False,False,False,False,D43,18163
2022,2022/12/09,2038,MCCOWAN RD,Major Arterial,Scarborough,43.772727,-79.251537,Mid-Block,Non Intersection,No Control,Clear,"Dark, artificial",Dry,Non-Fatal Injury,Sideswipe,Driver,15 to 19,Major,False,False,True,False,False,False,False,False,False,False,D43,18164
2022,2022/12/12,1118,DUNDAS ST W,Major Arterial,Toronto and East York,43.652869,-79.398006,Intersection,At Intersection,Traffic Signal,Clear,Daylight,Dry,Fatal,Pedestrian Collisions,Driver,55 to 59,None,True,False,True,False,False,False,False,False,False,False,D52,18165
2022,2022/12/12,1118,DUNDAS ST W,Major Arterial,Toronto and East York,43.652869,-79.398006,Intersection,At Intersection,Traffic Signal,Clear,Daylight,Dry,Fatal,Pedestrian Collisions,Pedestrian,70 to 74,Fatal,True,False,True,False,False,False,False,False,False,False,D52,18166
2022,2022/12/13,910,STEELES AVE W,Major Arterial,Etobicoke York,43.759535,-79.589862,Intersection,At Intersection,Traffic Signal,Clear,Daylight,Dry,Fatal,Turning Movement,Driver,80 to 84,Fatal,False,False,True,False,True,True,False,False,False,False,D23,18167
2022,2022/12/13,910,STEELES AVE W,Major Arterial,Etobicoke York,43.759535,-79.589862,Intersection,At Intersection,Traffic Signal,Clear,Daylight,Dry,Fatal,Turning Movement,Driver,30 to 34,Minor,False,False,True,False,True,True,False,False,False,False,D23,18168
2022,2022/12/13,910,STEELES AVE W,Major Arterial,Etobicoke York,43.759535,-79.589862,Intersection,At Intersection,Traffic Signal,Clear,Daylight,Dry,Fatal,Turning Movement,Passenger,0 to 4,Minor,False,False,True,False,True,True,False,False,False,False,D23,18169
2022,2022/12/13,910,STEELES AVE W,Major Arterial,Etobicoke York,43.759535,-79.589862,Intersection,At Intersection,Traffic Signal,Clear,Daylight,Dry,Fatal,Turning Movement,Truck Driver,60 to 64,None,False,False,True,False,True,True,False,False,False,False,D23,18170
2022,2022/12/13,2301,AVENUE RD,Major Arterial,Toronto and East York,43.690657,-79.403026,Intersection,At Intersection,Traffic Signal,Clear,"Dark, artificial",Dry,Non-Fatal Injury,Turning Movement,Driver,35 to 39,Major,False,False,True,False,False,False,True,False,False,False,D53,18171
2022,2022/12/13,2301,AVENUE RD,Major Arterial,Toronto and East York,43.690657,-79.403026,Intersection,At Intersection,Traffic Signal,Clear,"Dark, artificial",Dry,Non-Fatal Injury,Turning Movement,Driver,40 to 44,Minor,False,False,True,False,False,False,True,False,False,False,D53,18172
2022,2022/12/15,1134,MAITLAND PL,Collector,Toronto and East York,43.665648,-79.375507,Intersection,At Intersection,No Control,Freezing Rain,Daylight,Wet,Non-Fatal Injury,Pedestrian Collisions,Driver,60 to 64,Major,True,False,True,False,False,False,True,False,False,False,D51,18173
2022,2022/12/15,1134,MAITLAND PL,Collector,Toronto and East York,43.665648,-79.375507,Intersection,At Intersection,No Control,Freezing Rain,Daylight,Wet,Non-Fatal Injury,Pedestrian Collisions,Pedestrian,unknown,Minor,True,False,True,False,False,False,True,False,False,False,D51,18174
2022,2022/12/15,1720,SHAW ST,Major Arterial,Toronto and East York,43.641364,-79.414981,Intersection,At Intersection,Traffic Signal,Freezing Rain,"Dark, artificial",Slush,Non-Fatal Injury,Pedestrian Collisions,Driver,25 to 29,None,True,False,True,False,False,False,False,False,False,False,D14,18175
2022,2022/12/15,1720,SHAW ST,Major Arterial,Toronto and East York,43.641364,-79.414981,Intersection,At Intersection,Traffic Signal,Freezing Rain,"Dark, artificial",Slush,Non-Fatal Injury,Pedestrian Collisions,Pedestrian,65 to 69,Major,True,False,True,False,False,False,False,False,False,False,D14,18176
2022,2022/12/15,1925,936 DIXON RD,Major Arterial,Etobicoke York,43.686591,-79.597255,Mid-Block,Non Intersection,No Control,Snow,Dark,Loose Snow,Non-Fatal Injury,Pedestrian Collisions,Driver,50 to 54,None,True,False,True,False,False,False,False,False,False,False,D23,18177
2022,2022/12/15,1925,936 DIXON RD,Major Arterial,Etobicoke York,43.686591,-79.597255,Mid-Block,Non Intersection,No Control,Snow,Dark,Loose Snow,Non-Fatal Injury,Pedestrian Collisions,Pedestrian,25 to 29,Major,True,False,True,False,False,False,False,False,False,False,D23,18178
2022,2022/12/15,1925,936 DIXON RD,Major Arterial,Etobicoke York,43.686591,-79.597255,Mid-Block,Non Intersection,No Control,Snow,Dark,Loose Snow,Non-Fatal Injury,Pedestrian Collisions,Pedestrian,40 to 44,Minor,True,False,True,False,False,False,False,False,False,False,D23,18179
2022,2022/12/18,2228,LAKE SHORE BLVD E,Major Arterial,Toronto and East York,43.645507,-79.369792,Intersection,At Intersection,Traffic Signal,Clear,"Dark, artificial",Dry,Non-Fatal Injury,Cyclist Collisions,Cyclist,40 to 44,Major,False,True,True,False,False,True,False,False,False,False,D51,18180
2022,2022/12/18,2228,LAKE SHORE BLVD E,Major Arterial,Toronto and East York,43.645507,-79.369792,Intersection,At Intersection,Traffic Signal,Clear,"Dark, artificial",Dry,Non-Fatal Injury,Cyclist Collisions,Driver,25 to 29,None,False,True,True,False,False,True,False,False,False,False,D51,18181
2022,2022/12/18,2228,LAKE SHORE BLVD E,Major Arterial,Toronto and East York,43.645507,-79.369792,Intersection,At Intersection,Traffic Signal,Clear,"Dark, artificial",Dry,Non-Fatal Injury,Cyclist Collisions,Passenger,25 to 29,None,False,True,True,False,False,True,False,False,False,False,D51,18182
2022,2022/12/18,2228,LAKE SHORE BLVD E,Major Arterial,Toronto and East York,43.645507,-79.369792,Intersection,At Intersection,Traffic Signal,Clear,"Dark, artificial",Dry,Non-Fatal Injury,Cyclist Collisions,Passenger,20 to 24,None,False,True,True,False,False,True,False,False,False,False,D51,18183
2022,2022/12/20,1150,CARLINGVIEW DR,Major Arterial,Etobicoke York,43.686248,-79.595363,Mid-Block,Non Intersection,No Control,Clear,Daylight,Dry,Non-Fatal Injury,Sideswipe,Driver,20 to 24,Minor,False,False,True,False,False,True,False,False,False,False,D23,18184
2022,2022/12/20,1150,CARLINGVIEW DR,Major Arterial,Etobicoke York,43.686248,-79.595363,Mid-Block,Non Intersection,No Control,Clear,Daylight,Dry,Non-Fatal Injury,Sideswipe,Driver,20 to 24,Minor,False,False,True,False,False,True,False,False,False,False,D23,18185
2022,2022/12/20,1150,CARLINGVIEW DR,Major Arterial,Etobicoke York,43.686248,-79.595363,Mid-Block,Non Intersection,No Control,Clear,Daylight,Dry,Non-Fatal Injury,Sideswipe,Driver,65 to 69,Minor,False,False,True,False,False,True,False,False,False,False,D23,18186
2022,2022/12/20,1150,CARLINGVIEW DR,Major Arterial,Etobicoke York,43.686248,-79.595363,Mid-Block,Non Intersection,No Control,Clear,Daylight,Dry,Non-Fatal Injury,Sideswipe,Passenger,20 to 24,Major,False,False,True,False,False,True,False,False,False,False,D23,18187
2022,2022/12/30,2234,BLOOR ST W,Major Arterial,Toronto and East York,43.662856,-79.421268,Mid-Block,Non Intersection,No Control,Rain,"Dark, artificial",Wet,Non-Fatal Injury,Pedestrian Collisions,Driver,35 to 39,None,True,False,True,False,False,False,False,False,False,False,D14,18193
2022,2022/12/30,2234,BLOOR ST W,Major Arterial,Toronto and East York,43.662856,-79.421268,Mid-Block,Non Intersection,No Control,Rain,"Dark, artificial",Wet,Non-Fatal Injury,Pedestrian Collisions,Pedestrian,40 to 44,Major,True,False,True,False,False,False,False,False,False,False,D14,18194